mean_fit_time,std_fit_time,mean_score_time,std_score_time,param_classifier__l2_regularization,param_classifier__learning_rate,param_classifier__max_iter,param_classifier__max_leaf_nodes,param_classifier__min_samples_leaf,params,split0_test_score,split1_test_score,split2_test_score,split3_test_score,split4_test_score,mean_test_score,std_test_score,rank_test_score,split0_train_score,split1_train_score,split2_train_score,split3_train_score,split4_train_score,mean_train_score,std_train_score
0.4302384853363037,0.038044416868722876,0.025121688842773438,0.006378425747243227,0.0,0.02,150,7,10,"{'classifier__l2_regularization': 0.0, 'classifier__learning_rate': 0.02, 'classifier__max_iter': 150, 'classifier__max_leaf_nodes': 7, 'classifier__min_samples_leaf': 10}",0.8518518518518519,0.8390804597701149,0.8875,0.9024390243902439,0.8848484848484849,0.873143964172139,0.023727488284024784,193,0.9242424242424242,0.9246987951807228,0.9104704097116844,0.9202453987730062,0.9069069069069069,0.9173127869629489,0.007297584099357274
0.4848236083984375,0.04975784449973489,0.035936403274536136,0.009155543012176848,0.0,0.02,150,7,20,"{'classifier__l2_regularization': 0.0, 'classifier__learning_rate': 0.02, 'classifier__max_iter': 150, 'classifier__max_leaf_nodes': 7, 'classifier__min_samples_leaf': 20}",0.8674698795180723,0.8390804597701149,0.8860759493670886,0.9090909090909091,0.8727272727272727,0.8748888940946916,0.022964696333593625,145,0.9214501510574018,0.927710843373494,0.91324200913242,0.91324200913242,0.9082706766917293,0.9167831378774931,0.006909948486729391
0.44568352699279784,0.051231393656619724,0.030565977096557617,0.010050428191642289,0.0,0.02,150,7,30,"{'classifier__l2_regularization': 0.0, 'classifier__learning_rate': 0.02, 'classifier__max_iter': 150, 'classifier__max_leaf_nodes': 7, 'classifier__min_samples_leaf': 30}",0.874251497005988,0.8181818181818182,0.8860759493670886,0.8982035928143712,0.8727272727272727,0.8698880260193078,0.027438853165149893,274,0.9221374045801527,0.9246987951807228,0.9104704097116844,0.9021406727828746,0.9055472263868066,0.9129989017284481,0.008946749289834278
0.5455864429473877,0.06938012486587977,0.027606678009033204,0.006368660602600418,0.0,0.02,150,15,10,"{'classifier__l2_regularization': 0.0, 'classifier__learning_rate': 0.02, 'classifier__max_iter': 150, 'classifier__max_leaf_nodes': 15, 'classifier__min_samples_leaf': 10}",0.8518518518518519,0.8275862068965517,0.8701298701298701,0.896969696969697,0.8957055214723927,0.8684486294640725,0.02647416336349872,300,0.9526717557251908,0.9565217391304348,0.9467275494672754,0.952959028831563,0.9574468085106383,0.9532653763330204,0.003775650621245273
0.34872822761535643,0.08169474957474691,0.024232149124145508,0.006817600042935489,0.0,0.02,150,15,20,"{'classifier__l2_regularization': 0.0, 'classifier__learning_rate': 0.02, 'classifier__max_iter': 150, 'classifier__max_leaf_nodes': 15, 'classifier__min_samples_leaf': 20}",0.8571428571428571,0.8439306358381503,0.8774193548387097,0.9012345679012346,0.906832298136646,0.8773119427715196,0.0243510105704405,78,0.9388379204892966,0.9459459459459459,0.9333333333333333,0.9347496206373292,0.9367469879518072,0.9379227616715424,0.0044209302617737155
0.38524017333984373,0.04716618541938812,0.030248689651489257,0.007112833333421993,0.0,0.02,150,15,30,"{'classifier__l2_regularization': 0.0, 'classifier__learning_rate': 0.02, 'classifier__max_iter': 150, 'classifier__max_leaf_nodes': 15, 'classifier__min_samples_leaf': 30}",0.8695652173913043,0.8228571428571428,0.8846153846153846,0.8902439024390244,0.8834355828220859,0.8701434460249884,0.024602744037540713,267,0.9298780487804879,0.9319213313161876,0.9228441754916793,0.9179331306990881,0.9263157894736842,0.9257784951522254,0.0049997887265157736
0.5624144077301025,0.10408771207179095,0.023986148834228515,0.0031223181274003414,0.0,0.02,150,31,10,"{'classifier__l2_regularization': 0.0, 'classifier__learning_rate': 0.02, 'classifier__max_iter': 150, 'classifier__max_leaf_nodes': 31, 'classifier__min_samples_leaf': 10}",0.8834355828220859,0.8323699421965318,0.8387096774193549,0.8994082840236687,0.8982035928143712,0.8704254158552025,0.029103282793762796,262,0.9814814814814815,0.9755351681957186,0.9785276073619632,0.9784615384615385,0.9876543209876543,0.9803320232976713,0.004115865567227086
0.3962855815887451,0.06508496657096388,0.02739434242248535,0.0055946706196275805,0.0,0.02,150,31,20,"{'classifier__l2_regularization': 0.0, 'classifier__learning_rate': 0.02, 'classifier__max_iter': 150, 'classifier__max_leaf_nodes': 31, 'classifier__min_samples_leaf': 20}",0.8641975308641975,0.8372093023255814,0.8789808917197452,0.8957055214723927,0.8944099378881988,0.8741006368540232,0.021735214316676747,164,0.9404580152671755,0.9492537313432836,0.939209726443769,0.9406392694063926,0.9408194233687405,0.9420760331658723,0.0036330814897134692
0.2503506660461426,0.02510597669631823,0.021970176696777345,0.0026664315909068976,0.0,0.02,150,31,30,"{'classifier__l2_regularization': 0.0, 'classifier__learning_rate': 0.02, 'classifier__max_iter': 150, 'classifier__max_leaf_nodes': 31, 'classifier__min_samples_leaf': 30}",0.8765432098765432,0.8228571428571428,0.8846153846153846,0.8848484848484849,0.8834355828220859,0.8704599610039283,0.023995027026344824,259,0.9312977099236641,0.9319213313161876,0.9226100151745068,0.9193302891933028,0.9263157894736842,0.9262950270162692,0.004873796315880398
0.2985992908477783,0.032858727616560945,0.029845619201660158,0.007877379483462807,0.0,0.02,250,7,10,"{'classifier__l2_regularization': 0.0, 'classifier__learning_rate': 0.02, 'classifier__max_iter': 250, 'classifier__max_leaf_nodes': 7, 'classifier__min_samples_leaf': 10}",0.8695652173913043,0.8421052631578947,0.8987341772151899,0.9012345679012346,0.891566265060241,0.8806410981451729,0.022264300984268348,19,0.9300911854103343,0.9561270801815431,0.9310872894333844,0.9329268292682927,0.9349470499243571,0.9370358868435822,0.00968850810027151
0.3186540126800537,0.0651072729706307,0.028490543365478516,0.008877361132213366,0.0,0.02,250,7,20,"{'classifier__l2_regularization': 0.0, 'classifier__learning_rate': 0.02, 'classifier__max_iter': 250, 'classifier__max_leaf_nodes': 7, 'classifier__min_samples_leaf': 20}",0.8765432098765432,0.8421052631578947,0.8860759493670886,0.8819875776397516,0.891566265060241,0.8756556530203039,0.017482790612023465,129,0.9298780487804879,0.9459459459459459,0.9207317073170732,0.9327217125382263,0.9291101055806938,0.9316775040324854,0.008177026914356962
0.38657479286193847,0.04510842567528419,0.035260486602783206,0.0072026329289875185,0.0,0.02,250,7,30,"{'classifier__l2_regularization': 0.0, 'classifier__learning_rate': 0.02, 'classifier__max_iter': 250, 'classifier__max_leaf_nodes': 7, 'classifier__min_samples_leaf': 30}",0.875,0.8117647058823529,0.8860759493670886,0.8957055214723927,0.896969696969697,0.8731031747383063,0.031669466527065676,194,0.9345509893455098,0.9443609022556391,0.9221374045801527,0.9204892966360856,0.9154078549848943,0.9273892895604563,0.010564776892842574
0.49532523155212405,0.0724613939217763,0.024811744689941406,0.0009753051967730183,0.0,0.02,250,15,10,"{'classifier__l2_regularization': 0.0, 'classifier__learning_rate': 0.02, 'classifier__max_iter': 250, 'classifier__max_leaf_nodes': 15, 'classifier__min_samples_leaf': 10}",0.8571428571428571,0.8352941176470589,0.8789808917197452,0.896969696969697,0.8765432098765432,0.8689861546711803,0.021049938464512852,288,0.9785932721712538,0.9801526717557252,0.975609756097561,0.9724770642201835,0.9801526717557252,0.9773970872000897,0.0029671039605859363
0.518310260772705,0.09642881661290917,0.02530508041381836,0.004740998332660248,0.0,0.02,250,15,20,"{'classifier__l2_regularization': 0.0, 'classifier__learning_rate': 0.02, 'classifier__max_iter': 250, 'classifier__max_leaf_nodes': 15, 'classifier__min_samples_leaf': 20}",0.8848484848484849,0.8439306358381503,0.8589743589743589,0.8819875776397516,0.8944099378881988,0.872830199037789,0.01855344152728763,200,0.9631901840490797,0.9785932721712538,0.9663608562691132,0.9618320610687023,0.9665653495440729,0.9673083446204445,0.005928714763202238
0.5105980396270752,0.11503974797173055,0.03435263633728027,0.009684951247821141,0.0,0.02,250,15,30,"{'classifier__l2_regularization': 0.0, 'classifier__learning_rate': 0.02, 'classifier__max_iter': 250, 'classifier__max_leaf_nodes': 15, 'classifier__min_samples_leaf': 30}",0.8888888888888888,0.8352941176470589,0.8734177215189873,0.9024390243902439,0.896969696969697,0.8794018898829752,0.02412735544938357,33,0.9513677811550152,0.9606060606060606,0.9510703363914373,0.9483282674772037,0.952959028831563,0.9528662948922559,0.004146740311743985
0.8301589012145996,0.1566763853906647,0.02690267562866211,0.0049079086523536415,0.0,0.02,250,31,10,"{'classifier__l2_regularization': 0.0, 'classifier__learning_rate': 0.02, 'classifier__max_iter': 250, 'classifier__max_leaf_nodes': 31, 'classifier__min_samples_leaf': 10}",0.8658536585365854,0.8421052631578947,0.8662420382165605,0.8982035928143712,0.8928571428571429,0.873052339116511,0.02039969864780903,195,0.9984591679506933,1.0,1.0,0.9984591679506933,1.0,0.9993836671802774,0.0007548504600256505
0.7308348655700684,0.12341067630746365,0.039377355575561525,0.014401400647020262,0.0,0.02,250,31,20,"{'classifier__l2_regularization': 0.0, 'classifier__learning_rate': 0.02, 'classifier__max_iter': 250, 'classifier__max_leaf_nodes': 31, 'classifier__min_samples_leaf': 20}",0.896969696969697,0.8372093023255814,0.8662420382165605,0.8834355828220859,0.9012345679012346,0.877018237647032,0.023351880030409018,85,0.9768160741885626,0.9847094801223242,0.9785932721712538,0.9785932721712538,0.9770290964777948,0.9791482390262377,0.0028800394761104085
0.4905449390411377,0.09042408873913213,0.0371668815612793,0.019368323268533928,0.0,0.02,250,31,30,"{'classifier__l2_regularization': 0.0, 'classifier__learning_rate': 0.02, 'classifier__max_iter': 250, 'classifier__max_leaf_nodes': 31, 'classifier__min_samples_leaf': 30}",0.8944099378881988,0.8304093567251462,0.8662420382165605,0.8957055214723927,0.891566265060241,0.8756666238725078,0.025070743394012378,128,0.9499241274658573,0.9606060606060606,0.948170731707317,0.9497716894977168,0.9513677811550152,0.9519680780863933,0.00443614235367263
0.4227293491363525,0.092740539737607,0.026183605194091797,0.0018818300727433393,0.0,0.02,350,7,10,"{'classifier__l2_regularization': 0.0, 'classifier__learning_rate': 0.02, 'classifier__max_iter': 350, 'classifier__max_leaf_nodes': 7, 'classifier__min_samples_leaf': 10}",0.8695652173913043,0.8470588235294118,0.8846153846153846,0.8902439024390244,0.8780487804878049,0.8739064216925859,0.01508902834729388,172,0.9422492401215805,0.9636363636363636,0.9404580152671755,0.9435114503816794,0.9497716894977168,0.9479253517809031,0.008458211870453067
0.39911656379699706,0.0853488727532679,0.029513120651245117,0.00640389553924816,0.0,0.02,350,7,20,"{'classifier__l2_regularization': 0.0, 'classifier__learning_rate': 0.02, 'classifier__max_iter': 350, 'classifier__max_leaf_nodes': 7, 'classifier__min_samples_leaf': 20}",0.8695652173913043,0.8402366863905325,0.8717948717948718,0.8819875776397516,0.8848484848484849,0.869686567612989,0.015830058486000508,278,0.9404580152671755,0.9528158295281582,0.9400921658986175,0.9435114503816794,0.9425981873111783,0.9438951296773619,0.004640785366773334
0.46144418716430663,0.0932943343935617,0.04025945663452148,0.00875435354060282,0.0,0.02,350,7,30,"{'classifier__l2_regularization': 0.0, 'classifier__learning_rate': 0.02, 'classifier__max_iter': 350, 'classifier__max_leaf_nodes': 7, 'classifier__min_samples_leaf': 30}",0.8679245283018868,0.8214285714285714,0.8974358974358975,0.9024390243902439,0.8780487804878049,0.8734553604088809,0.02889150503974324,184,0.9420731707317073,0.9531013615733737,0.9317147192716236,0.9377845220030349,0.9379727685325264,0.9405293084224532,0.007102207570247955
0.7356713294982911,0.12062080777678409,0.03549199104309082,0.011570342267347551,0.0,0.02,350,15,10,"{'classifier__l2_regularization': 0.0, 'classifier__learning_rate': 0.02, 'classifier__max_iter': 350, 'classifier__max_leaf_nodes': 15, 'classifier__min_samples_leaf': 10}",0.8625,0.8470588235294118,0.8717948717948718,0.896969696969697,0.8902439024390244,0.8737134589466009,0.018187910250890633,176,0.9938461538461538,0.9953917050691244,0.9923664122137404,0.9923195084485407,0.9938650306748467,0.9935577620504812,0.00113960670822718
0.6928491592407227,0.140341411056558,0.030930709838867188,0.006758387430536149,0.0,0.02,350,15,20,"{'classifier__l2_regularization': 0.0, 'classifier__learning_rate': 0.02, 'classifier__max_iter': 350, 'classifier__max_leaf_nodes': 15, 'classifier__min_samples_leaf': 20}",0.891566265060241,0.8488372093023255,0.8461538461538461,0.8780487804878049,0.8944099378881988,0.8718032077784832,0.020620265253392174,238,0.9922958397534669,0.9923195084485407,0.9861751152073732,0.9876923076923076,0.989247311827957,0.9895460165859291,0.002455289060920389
0.6095627307891845,0.13432832784330614,0.03114795684814453,0.008423778228776931,0.0,0.02,350,15,30,"{'classifier__l2_regularization': 0.0, 'classifier__learning_rate': 0.02, 'classifier__max_iter': 350, 'classifier__max_leaf_nodes': 15, 'classifier__min_samples_leaf': 30}",0.8819875776397516,0.8421052631578947,0.8701298701298701,0.9012345679012346,0.8957055214723927,0.8782325600602287,0.021068137401432145,50,0.9709035222052067,0.9847094801223242,0.9755351681957186,0.9649923896499238,0.9649923896499238,0.9722265899646194,0.007391712295306228
1.1996697425842284,0.17240647085462113,0.028734254837036132,0.002022589564613177,0.0,0.02,350,31,10,"{'classifier__l2_regularization': 0.0, 'classifier__learning_rate': 0.02, 'classifier__max_iter': 350, 'classifier__max_leaf_nodes': 31, 'classifier__min_samples_leaf': 10}",0.8834355828220859,0.8421052631578947,0.8679245283018868,0.891566265060241,0.8875739644970414,0.8745211207678298,0.018081394657682964,153,1.0,1.0,1.0,1.0,1.0,1.0,0.0
0.8001317024230957,0.142987110780085,0.03580460548400879,0.008598490932590732,0.0,0.02,350,31,20,"{'classifier__l2_regularization': 0.0, 'classifier__learning_rate': 0.02, 'classifier__max_iter': 350, 'classifier__max_leaf_nodes': 31, 'classifier__min_samples_leaf': 20}",0.896969696969697,0.8439306358381503,0.8805031446540881,0.8780487804878049,0.9079754601226994,0.8814855436144879,0.02174682610559615,12,0.9953775038520801,0.9969325153374233,0.9969230769230769,0.9938461538461538,0.9984639016897081,0.9963086303296885,0.0015711625443338689
0.6149123668670654,0.13939986665648366,0.029845380783081056,0.005224877968054402,0.0,0.02,350,31,30,"{'classifier__l2_regularization': 0.0, 'classifier__learning_rate': 0.02, 'classifier__max_iter': 350, 'classifier__max_leaf_nodes': 31, 'classifier__min_samples_leaf': 30}",0.8819875776397516,0.8470588235294118,0.864516129032258,0.9079754601226994,0.8834355828220859,0.8769947146292413,0.02038672474867816,86,0.9709035222052067,0.9847094801223242,0.9755351681957186,0.9680365296803652,0.9696048632218845,0.9737579126850999,0.006020382958327161
0.231772518157959,0.053450358526396194,0.028624200820922853,0.00877449538598775,0.0,0.03,150,7,10,"{'classifier__l2_regularization': 0.0, 'classifier__learning_rate': 0.03, 'classifier__max_iter': 150, 'classifier__max_leaf_nodes': 7, 'classifier__min_samples_leaf': 10}",0.8711656441717791,0.8390804597701149,0.89171974522293,0.8957055214723927,0.8848484848484849,0.8765039710971403,0.020488373108730803,92,0.9298780487804879,0.9473684210526315,0.9190839694656489,0.9327217125382263,0.9288956127080181,0.9315895529090026,0.009130505383243125
0.18319416046142578,0.011725737365709168,0.021598100662231445,0.0037250647926741565,0.0,0.03,150,7,20,"{'classifier__l2_regularization': 0.0, 'classifier__learning_rate': 0.03, 'classifier__max_iter': 150, 'classifier__max_leaf_nodes': 7, 'classifier__min_samples_leaf': 20}",0.8780487804878049,0.8421052631578947,0.8860759493670886,0.8888888888888888,0.8902439024390244,0.8770725568681403,0.017987972454039984,84,0.928462709284627,0.9429429429429429,0.9207317073170732,0.9280245022970903,0.918429003021148,0.9277181729725763,0.00857369434220322
0.19119491577148437,0.023058881829553013,0.023910951614379884,0.00425574446223369,0.0,0.03,150,7,30,"{'classifier__l2_regularization': 0.0, 'classifier__learning_rate': 0.03, 'classifier__max_iter': 150, 'classifier__max_leaf_nodes': 7, 'classifier__min_samples_leaf': 30}",0.8780487804878049,0.8117647058823529,0.8860759493670886,0.9079754601226994,0.8780487804878049,0.8723827352695501,0.03222762727353886,215,0.9317147192716236,0.9413533834586466,0.9235474006116208,0.9207317073170732,0.9110105580693816,0.9256715537456692,0.01025961535551923
0.32669615745544434,0.02992459470869276,0.02279033660888672,0.005278094471558946,0.0,0.03,150,15,10,"{'classifier__l2_regularization': 0.0, 'classifier__learning_rate': 0.03, 'classifier__max_iter': 150, 'classifier__max_leaf_nodes': 15, 'classifier__min_samples_leaf': 10}",0.8641975308641975,0.8352941176470589,0.8701298701298701,0.8902439024390244,0.8765432098765432,0.8672817261913387,0.018187181767243262,312,0.9723926380368099,0.9740458015267176,0.9696048632218845,0.9709035222052067,0.9725609756097561,0.971901560120075,0.0015195166231383535
0.3105212688446045,0.05004898805227474,0.025572919845581056,0.005778249372572089,0.0,0.03,150,15,20,"{'classifier__l2_regularization': 0.0, 'classifier__learning_rate': 0.03, 'classifier__max_iter': 150, 'classifier__max_leaf_nodes': 15, 'classifier__min_samples_leaf': 20}",0.8957055214723927,0.8439306358381503,0.8805031446540881,0.8819875776397516,0.8875,0.8779253759208766,0.01781345407173183,59,0.9558599695585996,0.974124809741248,0.9571865443425076,0.9558599695585996,0.9648854961832061,0.9615833578768322,0.007113908197328147
0.321628999710083,0.07583387847534107,0.029012489318847656,0.008017573211642336,0.0,0.03,150,15,30,"{'classifier__l2_regularization': 0.0, 'classifier__learning_rate': 0.03, 'classifier__max_iter': 150, 'classifier__max_leaf_nodes': 15, 'classifier__min_samples_leaf': 30}",0.8765432098765432,0.8187134502923976,0.8662420382165605,0.9079754601226994,0.896969696969697,0.8732887710955797,0.030992470384714633,189,0.9484848484848485,0.9548192771084337,0.9435114503816794,0.9422492401215805,0.9484848484848485,0.947509932916278,0.0044494985000729055
0.5717468738555909,0.09222026623778766,0.031558990478515625,0.01230847215254218,0.0,0.03,150,31,10,"{'classifier__l2_regularization': 0.0, 'classifier__learning_rate': 0.03, 'classifier__max_iter': 150, 'classifier__max_leaf_nodes': 31, 'classifier__min_samples_leaf': 10}",0.8658536585365854,0.8372093023255814,0.8589743589743589,0.8994082840236687,0.8823529411764706,0.868759709007333,0.02108903733092767,293,0.9984591679506933,1.0,1.0,0.9984591679506933,1.0,0.9993836671802774,0.0007548504600256505
0.4009843349456787,0.06961602940010148,0.02285466194152832,0.002571595555497868,0.0,0.03,150,31,20,"{'classifier__l2_regularization': 0.0, 'classifier__learning_rate': 0.03, 'classifier__max_iter': 150, 'classifier__max_leaf_nodes': 31, 'classifier__min_samples_leaf': 20}",0.9024390243902439,0.8439306358381503,0.8734177215189873,0.8902439024390244,0.9012345679012346,0.8822531704175282,0.021809611473421364,6,0.9692307692307692,0.9770992366412213,0.9678407350689127,0.9680365296803652,0.9724770642201835,0.9709368669682904,0.0035001647439126754
0.30637946128845217,0.06537402594328799,0.023652410507202147,0.004970299346359559,0.0,0.03,150,31,30,"{'classifier__l2_regularization': 0.0, 'classifier__learning_rate': 0.03, 'classifier__max_iter': 150, 'classifier__max_leaf_nodes': 31, 'classifier__min_samples_leaf': 30}",0.8834355828220859,0.8187134502923976,0.8789808917197452,0.9024390243902439,0.896969696969697,0.876107729238834,0.029948671284432227,117,0.9470499243570348,0.9532428355957768,0.948170731707317,0.9408194233687405,0.9468892261001517,0.9472344282258043,0.00395684512798597
0.3442712306976318,0.029816321665618144,0.032155179977416994,0.007679487884761175,0.0,0.03,250,7,10,"{'classifier__l2_regularization': 0.0, 'classifier__learning_rate': 0.03, 'classifier__max_iter': 250, 'classifier__max_leaf_nodes': 7, 'classifier__min_samples_leaf': 10}",0.8695652173913043,0.8588235294117647,0.89171974522293,0.8834355828220859,0.8780487804878049,0.8763185710671779,0.011336012656402692,109,0.948170731707317,0.9695121951219512,0.944954128440367,0.950920245398773,0.9574468085106383,0.9542008218358091,0.008690225415569405
0.2917943000793457,0.04278546991495232,0.025860357284545898,0.006061483061896849,0.0,0.03,250,7,20,"{'classifier__l2_regularization': 0.0, 'classifier__learning_rate': 0.03, 'classifier__max_iter': 250, 'classifier__max_leaf_nodes': 7, 'classifier__min_samples_leaf': 20}",0.8695652173913043,0.8470588235294118,0.8717948717948718,0.8888888888888888,0.8848484848484849,0.8724312572905923,0.01467937835345015,212,0.9418960244648318,0.9620637329286799,0.9431643625192012,0.9465648854961832,0.9424242424242424,0.9472226495666277,0.007596811815100271
0.28601884841918945,0.05649141643768909,0.03211455345153809,0.010750032060703733,0.0,0.03,250,7,30,"{'classifier__l2_regularization': 0.0, 'classifier__learning_rate': 0.03, 'classifier__max_iter': 250, 'classifier__max_leaf_nodes': 7, 'classifier__min_samples_leaf': 30}",0.8607594936708861,0.8214285714285714,0.8846153846153846,0.9079754601226994,0.8848484848484849,0.8719254789372053,0.029333447892403358,233,0.9452887537993921,0.9562594268476622,0.9357798165137615,0.9438543247344461,0.9438543247344461,0.9450073293259417,0.006549728700450645
0.5105183601379395,0.11285362340945408,0.023875999450683593,0.0019023367324370343,0.0,0.03,250,15,10,"{'classifier__l2_regularization': 0.0, 'classifier__learning_rate': 0.03, 'classifier__max_iter': 250, 'classifier__max_leaf_nodes': 15, 'classifier__min_samples_leaf': 10}",0.8571428571428571,0.8402366863905325,0.8589743589743589,0.9036144578313253,0.8834355828220859,0.8686807886322321,0.022246216700327403,295,0.9953917050691244,0.9969325153374233,0.9938837920489296,0.9984639016897081,0.9969230769230769,0.9963189982136523,0.001557692325880073
0.5007048606872558,0.09644042469079747,0.024280261993408204,0.0013991926457350835,0.0,0.03,250,15,20,"{'classifier__l2_regularization': 0.0, 'classifier__learning_rate': 0.03, 'classifier__max_iter': 250, 'classifier__max_leaf_nodes': 15, 'classifier__min_samples_leaf': 20}",0.891566265060241,0.8488372093023255,0.8679245283018868,0.8944099378881988,0.9012345679012346,0.8807945016907773,0.019524917656437876,17,0.9922958397534669,0.9923195084485407,0.9907692307692307,0.9907407407407407,0.9923430321592649,0.9916936703742486,0.000766631000427768
0.47171406745910643,0.09477689336009437,0.033382415771484375,0.008147951193768882,0.0,0.03,250,15,30,"{'classifier__l2_regularization': 0.0, 'classifier__learning_rate': 0.03, 'classifier__max_iter': 250, 'classifier__max_leaf_nodes': 15, 'classifier__min_samples_leaf': 30}",0.8834355828220859,0.8421052631578947,0.8701298701298701,0.9024390243902439,0.8834355828220859,0.8763090646644361,0.01996212313342375,110,0.9769585253456221,0.9877300613496932,0.9770290964777948,0.975609756097561,0.9725609756097561,0.9779776829760853,0.005137999201186568
0.8575057029724121,0.13311134724273246,0.035555028915405275,0.01112228139800503,0.0,0.03,250,31,10,"{'classifier__l2_regularization': 0.0, 'classifier__learning_rate': 0.03, 'classifier__max_iter': 250, 'classifier__max_leaf_nodes': 31, 'classifier__min_samples_leaf': 10}",0.8711656441717791,0.8352941176470589,0.8789808917197452,0.8862275449101796,0.8994082840236687,0.8742152964944863,0.021567800873801224,161,1.0,1.0,1.0,1.0,1.0,1.0,0.0
0.6524505615234375,0.15525380687180568,0.03049330711364746,0.0070538062015692545,0.0,0.03,250,31,20,"{'classifier__l2_regularization': 0.0, 'classifier__learning_rate': 0.03, 'classifier__max_iter': 250, 'classifier__max_leaf_nodes': 31, 'classifier__min_samples_leaf': 20}",0.8848484848484849,0.8372093023255814,0.8625,0.8848484848484849,0.8888888888888888,0.8716590321822881,0.019572751687557576,241,0.9969135802469136,0.9984639016897081,0.9984639016897081,0.9984591679506933,0.9984639016897081,0.9981528906533462,0.0006196579153983617
0.5349706172943115,0.08487583067832363,0.026491451263427734,0.004496909491107324,0.0,0.03,250,31,30,"{'classifier__l2_regularization': 0.0, 'classifier__learning_rate': 0.03, 'classifier__max_iter': 250, 'classifier__max_leaf_nodes': 31, 'classifier__min_samples_leaf': 30}",0.8819875776397516,0.8352941176470589,0.8589743589743589,0.9079754601226994,0.8765432098765432,0.8721549448520823,0.024213613022567297,223,0.9815384615384616,0.9862174578866769,0.9815950920245399,0.974124809741248,0.975609756097561,0.9798171154576976,0.00440891899143199
0.39578685760498045,0.07165829739230793,0.025209426879882812,0.0035810062695655286,0.0,0.03,350,7,10,"{'classifier__l2_regularization': 0.0, 'classifier__learning_rate': 0.03, 'classifier__max_iter': 350, 'classifier__max_leaf_nodes': 7, 'classifier__min_samples_leaf': 10}",0.85,0.8538011695906432,0.8734177215189873,0.8902439024390244,0.8780487804878049,0.869102314807292,0.01513044736144984,287,0.9650986342943855,0.9755351681957186,0.9557251908396946,0.9665653495440729,0.9664634146341463,0.9658775515016037,0.0062890857999064265
0.3390034675598145,0.04402709081400783,0.035928201675415036,0.010387271193316193,0.0,0.03,350,7,20,"{'classifier__l2_regularization': 0.0, 'classifier__learning_rate': 0.03, 'classifier__max_iter': 350, 'classifier__max_leaf_nodes': 7, 'classifier__min_samples_leaf': 20}",0.8765432098765432,0.8520710059171598,0.8717948717948718,0.8888888888888888,0.891566265060241,0.8761728483075408,0.014134055469233466,113,0.9570552147239264,0.9785932721712538,0.9649923896499238,0.962178517397882,0.9634146341463414,0.9652468056178656,0.007184236956296454
0.36378655433654783,0.060723353881809175,0.028909826278686525,0.0056512165839748205,0.0,0.03,350,7,30,"{'classifier__l2_regularization': 0.0, 'classifier__learning_rate': 0.03, 'classifier__max_iter': 350, 'classifier__max_leaf_nodes': 7, 'classifier__min_samples_leaf': 30}",0.8734177215189873,0.8383233532934131,0.8789808917197452,0.9079754601226994,0.8819875776397516,0.8761370008589193,0.022330565933379197,115,0.9604863221884499,0.9696048632218845,0.9541284403669725,0.9499241274658573,0.9587786259541985,0.9585844758394726,0.006632669718072064
0.6468306541442871,0.10827213411582903,0.02497692108154297,0.0007590348553499596,0.0,0.03,350,15,10,"{'classifier__l2_regularization': 0.0, 'classifier__learning_rate': 0.03, 'classifier__max_iter': 350, 'classifier__max_leaf_nodes': 15, 'classifier__min_samples_leaf': 10}",0.8571428571428571,0.8402366863905325,0.8662420382165605,0.9036144578313253,0.8834355828220859,0.8701343244806722,0.021797429582236637,269,1.0,1.0,1.0,1.0,1.0,1.0,0.0
0.7274299144744873,0.1437491113054472,0.03383660316467285,0.009991281675849093,0.0,0.03,350,15,20,"{'classifier__l2_regularization': 0.0, 'classifier__learning_rate': 0.03, 'classifier__max_iter': 350, 'classifier__max_leaf_nodes': 15, 'classifier__min_samples_leaf': 20}",0.8902439024390244,0.8488372093023255,0.8679245283018868,0.9024390243902439,0.891566265060241,0.8802021858987444,0.0192818981706714,22,0.9984591679506933,1.0,1.0,1.0,1.0,0.9996918335901388,0.0006163328197226648
0.6267960548400879,0.18446332997116907,0.03637089729309082,0.012548352279176276,0.0,0.03,350,15,30,"{'classifier__l2_regularization': 0.0, 'classifier__learning_rate': 0.03, 'classifier__max_iter': 350, 'classifier__max_leaf_nodes': 15, 'classifier__min_samples_leaf': 30}",0.8765432098765432,0.8352941176470589,0.8607594936708861,0.9156626506024096,0.8834355828220859,0.8743390109237967,0.026473217747096055,159,0.9938461538461538,0.9953917050691244,0.9938461538461538,0.9923195084485407,0.9938461538461538,0.9938499350112252,0.0009715249113463768
1.175283145904541,0.0962007669780065,0.03074488639831543,0.005579365768077897,0.0,0.03,350,31,10,"{'classifier__l2_regularization': 0.0, 'classifier__learning_rate': 0.03, 'classifier__max_iter': 350, 'classifier__max_leaf_nodes': 31, 'classifier__min_samples_leaf': 10}",0.8727272727272727,0.8488372093023255,0.8679245283018868,0.8862275449101796,0.8982035928143712,0.8747840296112072,0.016756792498914493,147,1.0,1.0,1.0,1.0,1.0,1.0,0.0
0.7515199661254883,0.13300120062342718,0.030265188217163085,0.005771108834089872,0.0,0.03,350,31,20,"{'classifier__l2_regularization': 0.0, 'classifier__learning_rate': 0.03, 'classifier__max_iter': 350, 'classifier__max_leaf_nodes': 31, 'classifier__min_samples_leaf': 20}",0.8795180722891566,0.8421052631578947,0.875,0.8902439024390244,0.8848484848484849,0.8743431445469121,0.016909693131878407,158,1.0,1.0,1.0,1.0,1.0,1.0,0.0
0.6172210216522217,0.12403838247730485,0.037502098083496097,0.0077243131804496925,0.0,0.03,350,31,30,"{'classifier__l2_regularization': 0.0, 'classifier__learning_rate': 0.03, 'classifier__max_iter': 350, 'classifier__max_leaf_nodes': 31, 'classifier__min_samples_leaf': 30}",0.8695652173913043,0.8470588235294118,0.8553459119496856,0.9146341463414634,0.8834355828220859,0.8740079364067901,0.023806020434141432,167,0.9922958397534669,0.9984639016897081,0.9953775038520801,0.9922958397534669,0.9923195084485407,0.9941505186994524,0.002463454156654989
0.18507890701293944,0.05837780144904053,0.020836544036865235,0.001295222130272393,0.0,0.05,150,7,10,"{'classifier__l2_regularization': 0.0, 'classifier__learning_rate': 0.05, 'classifier__max_iter': 150, 'classifier__max_leaf_nodes': 7, 'classifier__min_samples_leaf': 10}",0.8695652173913043,0.8470588235294118,0.8846153846153846,0.8819875776397516,0.8848484848484849,0.8736150976048676,0.014414790652161981,181,0.9480122324159022,0.9680365296803652,0.944954128440367,0.948170731707317,0.9544072948328267,0.9527161834153557,0.008253613162442393
0.1858154296875,0.03973007724013823,0.025550317764282227,0.005546453350846671,0.0,0.05,150,7,20,"{'classifier__l2_regularization': 0.0, 'classifier__learning_rate': 0.05, 'classifier__max_iter': 150, 'classifier__max_leaf_nodes': 7, 'classifier__min_samples_leaf': 20}",0.8765432098765432,0.8470588235294118,0.8535031847133758,0.8819875776397516,0.8848484848484849,0.8687882561215134,0.015479625265320023,292,0.944954128440367,0.9590288315629742,0.9433384379785605,0.9497716894977168,0.9470499243570348,0.9488286023673307,0.005536266569989397
0.1893160343170166,0.02714821951495232,0.020754337310791016,0.001895831137134201,0.0,0.05,150,7,30,"{'classifier__l2_regularization': 0.0, 'classifier__learning_rate': 0.05, 'classifier__max_iter': 150, 'classifier__max_leaf_nodes': 7, 'classifier__min_samples_leaf': 30}",0.8607594936708861,0.8263473053892215,0.8701298701298701,0.9024390243902439,0.8902439024390244,0.8699839192038492,0.026279521177686893,272,0.9468892261001517,0.9518072289156626,0.939209726443769,0.9406392694063926,0.9438543247344461,0.9444799551200844,0.004525729076341373
0.280008602142334,0.022643986636165476,0.023793554306030272,0.003510086667768399,0.0,0.05,150,15,10,"{'classifier__l2_regularization': 0.0, 'classifier__learning_rate': 0.05, 'classifier__max_iter': 150, 'classifier__max_leaf_nodes': 15, 'classifier__min_samples_leaf': 10}",0.8711656441717791,0.8402366863905325,0.8717948717948718,0.9101796407185628,0.8957055214723927,0.8778164729096278,0.02391704934483537,64,0.9953917050691244,0.9984591679506933,0.9938650306748467,0.9969230769230769,0.9969230769230769,0.9963124115081637,0.0015615223989210469
0.332048225402832,0.03760844847432405,0.02501373291015625,0.004280370197500254,0.0,0.05,150,15,20,"{'classifier__l2_regularization': 0.0, 'classifier__learning_rate': 0.05, 'classifier__max_iter': 150, 'classifier__max_leaf_nodes': 15, 'classifier__min_samples_leaf': 20}",0.896969696969697,0.8488372093023255,0.8679245283018868,0.8888888888888888,0.8888888888888888,0.8783018424703375,0.017598370108749362,47,0.9922958397534669,0.9923195084485407,0.9922958397534669,0.989247311827957,0.99079754601227,0.9913912091591403,0.0012204248681251546
0.25198116302490237,0.03467251608173206,0.026644563674926756,0.0072041948348365165,0.0,0.05,150,15,30,"{'classifier__l2_regularization': 0.0, 'classifier__learning_rate': 0.05, 'classifier__max_iter': 150, 'classifier__max_leaf_nodes': 15, 'classifier__min_samples_leaf': 30}",0.8888888888888888,0.8470588235294118,0.864516129032258,0.906832298136646,0.9024390243902439,0.8819470327954898,0.0228403636942908,7,0.9768875192604006,0.9862174578866769,0.9784615384615385,0.9724770642201835,0.9785932721712538,0.9785273704000106,0.004437148613014703
0.4753695487976074,0.05095448483642937,0.02235260009765625,0.0019119907727514803,0.0,0.05,150,31,10,"{'classifier__l2_regularization': 0.0, 'classifier__learning_rate': 0.05, 'classifier__max_iter': 150, 'classifier__max_leaf_nodes': 31, 'classifier__min_samples_leaf': 10}",0.8641975308641975,0.8488372093023255,0.8734177215189873,0.8928571428571429,0.896969696969697,0.87525586030247,0.017915950296875604,135,1.0,1.0,1.0,1.0,1.0,1.0,0.0
0.41284470558166503,0.05428080670855584,0.020657873153686522,0.0013261307533627194,0.0,0.05,150,31,20,"{'classifier__l2_regularization': 0.0, 'classifier__learning_rate': 0.05, 'classifier__max_iter': 150, 'classifier__max_leaf_nodes': 31, 'classifier__min_samples_leaf': 20}",0.8982035928143712,0.8488372093023255,0.8607594936708861,0.8902439024390244,0.9012345679012346,0.8798557532255684,0.021111266066685286,27,0.9969135802469136,0.9969325153374233,0.9969230769230769,0.9984591679506933,0.9984639016897081,0.9975384484295631,0.0007537221533345292
0.2891976833343506,0.04350622751250408,0.020235395431518553,0.0032885233714077615,0.0,0.05,150,31,30,"{'classifier__l2_regularization': 0.0, 'classifier__learning_rate': 0.05, 'classifier__max_iter': 150, 'classifier__max_leaf_nodes': 31, 'classifier__min_samples_leaf': 30}",0.875,0.8470588235294118,0.8662420382165605,0.8944099378881988,0.8957055214723927,0.8756832642213128,0.018223837660863634,127,0.9784615384615385,0.9862174578866769,0.9801526717557252,0.9724770642201835,0.9770992366412213,0.978881593793069,0.004467701506038429
0.27271242141723634,0.04172258682986102,0.022852468490600585,0.004056486754273257,0.0,0.05,250,7,10,"{'classifier__l2_regularization': 0.0, 'classifier__learning_rate': 0.05, 'classifier__max_iter': 250, 'classifier__max_leaf_nodes': 7, 'classifier__min_samples_leaf': 10}",0.8641975308641975,0.8470588235294118,0.8860759493670886,0.9024390243902439,0.891566265060241,0.8782675186422365,0.019970163462128068,49,0.975609756097561,0.9877300613496932,0.9679389312977099,0.9742033383915023,0.975609756097561,0.9762183686468054,0.00641668632712088
0.22574462890625,0.020797119829299684,0.022954988479614257,0.0013866922082331687,0.0,0.05,250,7,20,"{'classifier__l2_regularization': 0.0, 'classifier__learning_rate': 0.05, 'classifier__max_iter': 250, 'classifier__max_leaf_nodes': 7, 'classifier__min_samples_leaf': 20}",0.8765432098765432,0.8520710059171598,0.8461538461538461,0.8888888888888888,0.9036144578313253,0.8734542817335527,0.021725390973892318,185,0.9664634146341463,0.9831546707503829,0.9648854961832061,0.9680365296803652,0.9725609756097561,0.9710202173715713,0.006586661403723765
0.2167670726776123,0.013092123837510534,0.024570131301879884,0.004862778329404666,0.0,0.05,250,7,30,"{'classifier__l2_regularization': 0.0, 'classifier__learning_rate': 0.05, 'classifier__max_iter': 250, 'classifier__max_leaf_nodes': 7, 'classifier__min_samples_leaf': 30}",0.8607594936708861,0.8452380952380952,0.8831168831168831,0.9146341463414634,0.8780487804878049,0.8763594797710266,0.023346804832951217,106,0.9740458015267176,0.9801526717557252,0.9634146341463414,0.9606060606060606,0.9648854961832061,0.9686209328436102,0.0073172045580189105
0.5164353847503662,0.09293278354133509,0.029154253005981446,0.005697207450305968,0.0,0.05,250,15,10,"{'classifier__l2_regularization': 0.0, 'classifier__learning_rate': 0.05, 'classifier__max_iter': 250, 'classifier__max_leaf_nodes': 15, 'classifier__min_samples_leaf': 10}",0.8711656441717791,0.8538011695906432,0.8860759493670886,0.9047619047619048,0.8848484848484849,0.8801306305479801,0.016958278978083732,24,1.0,1.0,1.0,1.0,1.0,1.0,0.0
0.4508663654327393,0.08886737448194831,0.026395797729492188,0.003688425276906334,0.0,0.05,250,15,20,"{'classifier__l2_regularization': 0.0, 'classifier__learning_rate': 0.05, 'classifier__max_iter': 250, 'classifier__max_leaf_nodes': 15, 'classifier__min_samples_leaf': 20}",0.8902439024390244,0.8488372093023255,0.8662420382165605,0.8957055214723927,0.8834355828220859,0.8768928508504779,0.017178668915502238,87,1.0,1.0,1.0,1.0,1.0,1.0,0.0
0.4397739887237549,0.1100189091354021,0.03132271766662598,0.016602545654434607,0.0,0.05,250,15,30,"{'classifier__l2_regularization': 0.0, 'classifier__learning_rate': 0.05, 'classifier__max_iter': 250, 'classifier__max_leaf_nodes': 15, 'classifier__min_samples_leaf': 30}",0.8819875776397516,0.8421052631578947,0.8625,0.9036144578313253,0.8957055214723927,0.8771825640202728,0.022409051033430116,80,0.9984591679506933,1.0,0.9969230769230769,1.0,0.9984639016897081,0.9987692293126956,0.0011512805583971416
0.9525335311889649,0.07018060419992209,0.02686471939086914,0.002764783460327537,0.0,0.05,250,31,10,"{'classifier__l2_regularization': 0.0, 'classifier__learning_rate': 0.05, 'classifier__max_iter': 250, 'classifier__max_leaf_nodes': 31, 'classifier__min_samples_leaf': 10}",0.8795180722891566,0.8538011695906432,0.8734177215189873,0.8928571428571429,0.8982035928143712,0.8795595398140602,0.015656591244978816,31,1.0,1.0,1.0,1.0,1.0,1.0,0.0
0.614246129989624,0.10380449005632561,0.029236030578613282,0.006744760253309311,0.0,0.05,250,31,20,"{'classifier__l2_regularization': 0.0, 'classifier__learning_rate': 0.05, 'classifier__max_iter': 250, 'classifier__max_leaf_nodes': 31, 'classifier__min_samples_leaf': 20}",0.8902439024390244,0.8488372093023255,0.8607594936708861,0.8902439024390244,0.8862275449101796,0.875262410552288,0.017191569032297096,134,1.0,1.0,1.0,1.0,1.0,1.0,0.0
0.45281457901000977,0.008723321611882861,0.028603315353393555,0.0044247127068227626,0.0,0.05,250,31,30,"{'classifier__l2_regularization': 0.0, 'classifier__learning_rate': 0.05, 'classifier__max_iter': 250, 'classifier__max_leaf_nodes': 31, 'classifier__min_samples_leaf': 30}",0.8695652173913043,0.8402366863905325,0.8679245283018868,0.8902439024390244,0.8795180722891566,0.8694976813623809,0.016670327661422,284,0.9969135802469136,1.0,0.9984639016897081,1.0,1.0,0.9990754963873243,0.0012338598187696965
0.4372425079345703,0.07693796363309076,0.03232908248901367,0.007211425797268067,0.0,0.05,350,7,10,"{'classifier__l2_regularization': 0.0, 'classifier__learning_rate': 0.05, 'classifier__max_iter': 350, 'classifier__max_leaf_nodes': 7, 'classifier__min_samples_leaf': 10}",0.8571428571428571,0.8538011695906432,0.8662420382165605,0.896969696969697,0.891566265060241,0.8731444053959997,0.017803721086670412,192,0.9907692307692307,0.9969325153374233,0.9893129770992366,0.99079754601227,0.9908256880733946,0.9917275914583111,0.0026652753909568814
0.47254061698913574,0.08164434612366221,0.039649581909179686,0.010625391961900436,0.0,0.05,350,7,20,"{'classifier__l2_regularization': 0.0, 'classifier__learning_rate': 0.05, 'classifier__max_iter': 350, 'classifier__max_leaf_nodes': 7, 'classifier__min_samples_leaf': 20}",0.875,0.8538011695906432,0.8333333333333334,0.8888888888888888,0.896969696969697,0.8695986177565125,0.023303200169258634,282,0.989247311827957,0.9938650306748467,0.9846625766871165,0.9831546707503829,0.9862595419847329,0.9874378263850072,0.0037952333197199912
0.411024808883667,0.0846233480123136,0.02783975601196289,0.004056331468558546,0.0,0.05,350,7,30,"{'classifier__l2_regularization': 0.0, 'classifier__learning_rate': 0.05, 'classifier__max_iter': 350, 'classifier__max_leaf_nodes': 7, 'classifier__min_samples_leaf': 30}",0.8607594936708861,0.8452380952380952,0.8774193548387097,0.9012345679012346,0.8944099378881988,0.875812289907425,0.020765911685844716,123,0.9846625766871165,0.9877300613496932,0.9785932721712538,0.9831546707503829,0.9817073170731707,0.9831695796063235,0.0030367106462416546
0.7393221378326416,0.1433092566080269,0.03689064979553223,0.010376988362932287,0.0,0.05,350,15,10,"{'classifier__l2_regularization': 0.0, 'classifier__learning_rate': 0.05, 'classifier__max_iter': 350, 'classifier__max_leaf_nodes': 15, 'classifier__min_samples_leaf': 10}",0.8711656441717791,0.8488372093023255,0.8679245283018868,0.8982035928143712,0.8928571428571429,0.8757976234895013,0.01790731390141505,124,1.0,1.0,1.0,1.0,1.0,1.0,0.0
0.7924800872802734,0.07900346613729707,0.04982118606567383,0.008781028542439983,0.0,0.05,350,15,20,"{'classifier__l2_regularization': 0.0, 'classifier__learning_rate': 0.05, 'classifier__max_iter': 350, 'classifier__max_leaf_nodes': 15, 'classifier__min_samples_leaf': 20}",0.8957055214723927,0.8538011695906432,0.875,0.8957055214723927,0.8780487804878049,0.8796521986046468,0.015542895179402936,30,1.0,1.0,1.0,1.0,1.0,1.0,0.0
0.5140689849853516,0.04869545380865821,0.02854127883911133,0.0013335091628991574,0.0,0.05,350,15,30,"{'classifier__l2_regularization': 0.0, 'classifier__learning_rate': 0.05, 'classifier__max_iter': 350, 'classifier__max_leaf_nodes': 15, 'classifier__min_samples_leaf': 30}",0.8625,0.8470588235294118,0.8711656441717791,0.9090909090909091,0.8819875776397516,0.8743605908863703,0.020787658507014122,157,1.0,1.0,1.0,1.0,1.0,1.0,0.0
1.1584559440612794,0.0980491730579253,0.03621964454650879,0.008079717607055106,0.0,0.05,350,31,10,"{'classifier__l2_regularization': 0.0, 'classifier__learning_rate': 0.05, 'classifier__max_iter': 350, 'classifier__max_leaf_nodes': 31, 'classifier__min_samples_leaf': 10}",0.8862275449101796,0.8538011695906432,0.8625,0.8862275449101796,0.8928571428571429,0.8763226804536292,0.015283233121648162,108,1.0,1.0,1.0,1.0,1.0,1.0,0.0
0.8208157539367675,0.12684901253726216,0.03027191162109375,0.003348228538065329,0.0,0.05,350,31,20,"{'classifier__l2_regularization': 0.0, 'classifier__learning_rate': 0.05, 'classifier__max_iter': 350, 'classifier__max_leaf_nodes': 31, 'classifier__min_samples_leaf': 20}",0.8888888888888888,0.8488372093023255,0.8819875776397516,0.8957055214723927,0.8727272727272727,0.8776292940061262,0.01628211943683274,71,1.0,1.0,1.0,1.0,1.0,1.0,0.0
0.702131986618042,0.11359182442032253,0.035260677337646484,0.0067243550977132815,0.0,0.05,350,31,30,"{'classifier__l2_regularization': 0.0, 'classifier__learning_rate': 0.05, 'classifier__max_iter': 350, 'classifier__max_leaf_nodes': 31, 'classifier__min_samples_leaf': 30}",0.8875,0.8452380952380952,0.8641975308641975,0.9101796407185628,0.8834355828220859,0.8781101699285883,0.02199597557826711,53,1.0,1.0,1.0,1.0,1.0,1.0,0.0
0.2164234161376953,0.04285344916010095,0.02852168083190918,0.007304635851232289,0.0,0.08,150,7,10,"{'classifier__l2_regularization': 0.0, 'classifier__learning_rate': 0.08, 'classifier__max_iter': 150, 'classifier__max_leaf_nodes': 7, 'classifier__min_samples_leaf': 10}",0.8765432098765432,0.8588235294117647,0.8789808917197452,0.896969696969697,0.8765432098765432,0.8775721075708587,0.012098575049835173,74,0.9725609756097561,0.9817073170731707,0.9709035222052067,0.9726443768996961,0.9772382397572079,0.9750108863090075,0.003956669242236436
0.18285908699035644,0.02628822200034988,0.025539684295654296,0.007418607619374156,0.0,0.08,150,7,20,"{'classifier__l2_regularization': 0.0, 'classifier__learning_rate': 0.08, 'classifier__max_iter': 150, 'classifier__max_leaf_nodes': 7, 'classifier__min_samples_leaf': 20}",0.8765432098765432,0.8402366863905325,0.8589743589743589,0.8888888888888888,0.8780487804878049,0.8685383849236257,0.017094587389993,297,0.9663608562691132,0.9831546707503829,0.9664634146341463,0.9650986342943855,0.9680365296803652,0.9698228211256785,0.006730792009915832
0.18105316162109375,0.02950117327960243,0.024382400512695312,0.004083453356061499,0.0,0.08,150,7,30,"{'classifier__l2_regularization': 0.0, 'classifier__learning_rate': 0.08, 'classifier__max_iter': 150, 'classifier__max_leaf_nodes': 7, 'classifier__min_samples_leaf': 30}",0.875,0.8502994011976048,0.8789808917197452,0.9090909090909091,0.8765432098765432,0.8779828823769605,0.018687165237536708,58,0.9664634146341463,0.9786585365853658,0.9603658536585366,0.9606060606060606,0.9619482496194824,0.9656084230207183,0.006883916142446991
0.33179378509521484,0.05671772826461839,0.02630782127380371,0.006192543008055544,0.0,0.08,150,15,10,"{'classifier__l2_regularization': 0.0, 'classifier__learning_rate': 0.08, 'classifier__max_iter': 150, 'classifier__max_leaf_nodes': 15, 'classifier__min_samples_leaf': 10}",0.8641975308641975,0.8488372093023255,0.8407643312101911,0.9036144578313253,0.8674698795180723,0.8649766817452222,0.021662969977710948,322,1.0,1.0,1.0,1.0,1.0,1.0,0.0
0.37650532722473146,0.06945537179901601,0.028110790252685546,0.007939797642189236,0.0,0.08,150,15,20,"{'classifier__l2_regularization': 0.0, 'classifier__learning_rate': 0.08, 'classifier__max_iter': 150, 'classifier__max_leaf_nodes': 15, 'classifier__min_samples_leaf': 20}",0.8902439024390244,0.8470588235294118,0.8875,0.8902439024390244,0.8834355828220859,0.8796964422459093,0.016508111184529894,28,1.0,1.0,1.0,1.0,1.0,1.0,0.0
0.2733208179473877,0.053251625380395747,0.028821229934692383,0.014596547123283184,0.0,0.08,150,15,30,"{'classifier__l2_regularization': 0.0, 'classifier__learning_rate': 0.08, 'classifier__max_iter': 150, 'classifier__max_leaf_nodes': 15, 'classifier__min_samples_leaf': 30}",0.8711656441717791,0.8352941176470589,0.8625,0.9036144578313253,0.8902439024390244,0.8725636244178375,0.0235329280231229,209,0.9984591679506933,1.0,0.9984639016897081,0.9984591679506933,1.0,0.9990764475182189,0.0007540794247561879
0.5492205142974853,0.08424682079267223,0.023769140243530273,0.004356055810486286,0.0,0.08,150,31,10,"{'classifier__l2_regularization': 0.0, 'classifier__learning_rate': 0.08, 'classifier__max_iter': 150, 'classifier__max_leaf_nodes': 31, 'classifier__min_samples_leaf': 10}",0.8888888888888888,0.8554913294797688,0.85,0.891566265060241,0.8928571428571429,0.8757607252572083,0.01891515072378032,126,1.0,1.0,1.0,1.0,1.0,1.0,0.0
0.45663137435913087,0.04894788521416203,0.02145218849182129,0.002073403205449974,0.0,0.08,150,31,20,"{'classifier__l2_regularization': 0.0, 'classifier__learning_rate': 0.08, 'classifier__max_iter': 150, 'classifier__max_leaf_nodes': 31, 'classifier__min_samples_leaf': 20}",0.8902439024390244,0.8421052631578947,0.8765432098765432,0.896969696969697,0.8902439024390244,0.8792211949764367,0.01971179079419345,34,1.0,1.0,1.0,1.0,1.0,1.0,0.0
0.2687946319580078,0.03864650386403692,0.023896265029907226,0.0009373386506804919,0.0,0.08,150,31,30,"{'classifier__l2_regularization': 0.0, 'classifier__learning_rate': 0.08, 'classifier__max_iter': 150, 'classifier__max_leaf_nodes': 31, 'classifier__min_samples_leaf': 30}",0.8819875776397516,0.8372093023255814,0.8679245283018868,0.896969696969697,0.8727272727272727,0.8713636755928379,0.019742056478328482,245,0.9984591679506933,1.0,0.9984639016897081,0.9984591679506933,0.9984639016897081,0.9987692278561606,0.0006153897132466407
0.2596160888671875,0.02551741476416394,0.024003124237060545,0.0049809926101154174,0.0,0.08,250,7,10,"{'classifier__l2_regularization': 0.0, 'classifier__learning_rate': 0.08, 'classifier__max_iter': 250, 'classifier__max_leaf_nodes': 7, 'classifier__min_samples_leaf': 10}",0.8588957055214724,0.8588235294117647,0.864516129032258,0.896969696969697,0.8902439024390244,0.8738897926748432,0.016369602296928826,173,0.99079754601227,0.9969325153374233,0.9954058192955589,0.9969230769230769,0.9954058192955589,0.9950929553727776,0.002252981801750293
0.26236720085144044,0.03178435030934114,0.03272600173950195,0.00850145680024385,0.0,0.08,250,7,20,"{'classifier__l2_regularization': 0.0, 'classifier__learning_rate': 0.08, 'classifier__max_iter': 250, 'classifier__max_leaf_nodes': 7, 'classifier__min_samples_leaf': 20}",0.875,0.8538011695906432,0.8553459119496856,0.875,0.8848484848484849,0.8687991132777627,0.012168905134932448,291,0.9922958397534669,0.9938650306748467,0.9938461538461538,0.9877300613496932,0.9923430321592649,0.9920160235566851,0.0022504625288748267
0.2769168853759766,0.04144394293824494,0.0307619571685791,0.003395588182557067,0.0,0.08,250,7,30,"{'classifier__l2_regularization': 0.0, 'classifier__learning_rate': 0.08, 'classifier__max_iter': 250, 'classifier__max_leaf_nodes': 7, 'classifier__min_samples_leaf': 30}",0.8679245283018868,0.8402366863905325,0.8662420382165605,0.9090909090909091,0.8848484848484849,0.8736685293696749,0.022740144387050597,177,0.9861751152073732,0.9907692307692307,0.9861751152073732,0.9846625766871165,0.9862174578866769,0.9867998991515542,0.002070926777504266
0.49490180015563967,0.09192897200369754,0.028952550888061524,0.011732480397559352,0.0,0.08,250,15,10,"{'classifier__l2_regularization': 0.0, 'classifier__learning_rate': 0.08, 'classifier__max_iter': 250, 'classifier__max_leaf_nodes': 15, 'classifier__min_samples_leaf': 10}",0.8711656441717791,0.8538011695906432,0.8834355828220859,0.8862275449101796,0.8780487804878049,0.8745357443964986,0.011571749338249247,152,1.0,1.0,1.0,1.0,1.0,1.0,0.0
0.4553398132324219,0.0643486604229398,0.02823939323425293,0.0021482039370023308,0.0,0.08,250,15,20,"{'classifier__l2_regularization': 0.0, 'classifier__learning_rate': 0.08, 'classifier__max_iter': 250, 'classifier__max_leaf_nodes': 15, 'classifier__min_samples_leaf': 20}",0.9024390243902439,0.8470588235294118,0.8695652173913043,0.8834355828220859,0.8795180722891566,0.8764033440844405,0.018137648280382883,102,1.0,1.0,1.0,1.0,1.0,1.0,0.0
0.49808483123779296,0.08714239087298607,0.031555986404418944,0.008127396031628696,0.0,0.08,250,15,30,"{'classifier__l2_regularization': 0.0, 'classifier__learning_rate': 0.08, 'classifier__max_iter': 250, 'classifier__max_leaf_nodes': 15, 'classifier__min_samples_leaf': 30}",0.8765432098765432,0.8402366863905325,0.8571428571428571,0.9101796407185628,0.8834355828220859,0.8735075953901162,0.02377972599459919,182,1.0,1.0,1.0,1.0,1.0,1.0,0.0
0.9229716777801513,0.10498353922043965,0.028634309768676758,0.006150147410941922,0.0,0.08,250,31,10,"{'classifier__l2_regularization': 0.0, 'classifier__learning_rate': 0.08, 'classifier__max_iter': 250, 'classifier__max_leaf_nodes': 31, 'classifier__min_samples_leaf': 10}",0.891566265060241,0.8604651162790697,0.8695652173913043,0.8982035928143712,0.891566265060241,0.8822732913210455,0.014584819979473385,5,1.0,1.0,1.0,1.0,1.0,1.0,0.0
0.5734230995178222,0.12636513354340398,0.030839014053344726,0.009842574375205382,0.0,0.08,250,31,20,"{'classifier__l2_regularization': 0.0, 'classifier__learning_rate': 0.08, 'classifier__max_iter': 250, 'classifier__max_leaf_nodes': 31, 'classifier__min_samples_leaf': 20}",0.9012345679012346,0.8488372093023255,0.8780487804878049,0.8902439024390244,0.8848484848484849,0.880642588995775,0.01761938929147524,18,1.0,1.0,1.0,1.0,1.0,1.0,0.0
0.4630302906036377,0.059550878342892535,0.031486129760742186,0.009046801278043538,0.0,0.08,250,31,30,"{'classifier__l2_regularization': 0.0, 'classifier__learning_rate': 0.08, 'classifier__max_iter': 250, 'classifier__max_leaf_nodes': 31, 'classifier__min_samples_leaf': 30}",0.8607594936708861,0.8520710059171598,0.8641975308641975,0.9036144578313253,0.8711656441717791,0.8703616264910696,0.017726483391506558,263,1.0,1.0,1.0,1.0,1.0,1.0,0.0
0.3495937824249268,0.03170819967936363,0.032141828536987306,0.009874602067910406,0.0,0.08,350,7,10,"{'classifier__l2_regularization': 0.0, 'classifier__learning_rate': 0.08, 'classifier__max_iter': 350, 'classifier__max_leaf_nodes': 7, 'classifier__min_samples_leaf': 10}",0.8727272727272727,0.8588235294117647,0.8607594936708861,0.896969696969697,0.8862275449101796,0.87510150753796,0.014685430475180998,139,1.0,1.0,1.0,1.0,1.0,1.0,0.0
0.3817403793334961,0.07077766429303994,0.03280758857727051,0.006449870775050791,0.0,0.08,350,7,20,"{'classifier__l2_regularization': 0.0, 'classifier__learning_rate': 0.08, 'classifier__max_iter': 350, 'classifier__max_leaf_nodes': 7, 'classifier__min_samples_leaf': 20}",0.8695652173913043,0.8470588235294118,0.8607594936708861,0.8765432098765432,0.8848484848484849,0.8677550458633261,0.013038140767726206,306,0.9984591679506933,1.0,0.9984639016897081,1.0,0.9984639016897081,0.9990773942660219,0.0007533064104449833
0.48360280990600585,0.09678299369746496,0.04027423858642578,0.01583524883674108,0.0,0.08,350,7,30,"{'classifier__l2_regularization': 0.0, 'classifier__learning_rate': 0.08, 'classifier__max_iter': 350, 'classifier__max_leaf_nodes': 7, 'classifier__min_samples_leaf': 30}",0.8695652173913043,0.8402366863905325,0.8662420382165605,0.9024390243902439,0.8848484848484849,0.8726662902474253,0.020675533545556107,207,0.9969135802469136,1.0,0.9969325153374233,0.9953775038520801,1.0,0.9978447198872834,0.0018480669827449978
0.6975254058837891,0.12383567145020831,0.029364824295043945,0.0050193359208037585,0.0,0.08,350,15,10,"{'classifier__l2_regularization': 0.0, 'classifier__learning_rate': 0.08, 'classifier__max_iter': 350, 'classifier__max_leaf_nodes': 15, 'classifier__min_samples_leaf': 10}",0.8765432098765432,0.8538011695906432,0.8834355828220859,0.8982035928143712,0.8780487804878049,0.8780064671182897,0.014320883522235456,57,1.0,1.0,1.0,1.0,1.0,1.0,0.0
0.6886656284332275,0.1403479976427931,0.03435006141662598,0.010077600188212407,0.0,0.08,350,15,20,"{'classifier__l2_regularization': 0.0, 'classifier__learning_rate': 0.08, 'classifier__max_iter': 350, 'classifier__max_leaf_nodes': 15, 'classifier__min_samples_leaf': 20}",0.8888888888888888,0.8470588235294118,0.8819875776397516,0.896969696969697,0.8780487804878049,0.8785907535031109,0.01702898653591945,44,1.0,1.0,1.0,1.0,1.0,1.0,0.0
0.6002054691314698,0.10719723334788303,0.03321409225463867,0.00993111096482533,0.0,0.08,350,15,30,"{'classifier__l2_regularization': 0.0, 'classifier__learning_rate': 0.08, 'classifier__max_iter': 350, 'classifier__max_leaf_nodes': 15, 'classifier__min_samples_leaf': 30}",0.8625,0.8452380952380952,0.8641975308641975,0.8982035928143712,0.8834355828220859,0.87071496034775,0.01831104730714926,255,1.0,1.0,1.0,1.0,1.0,1.0,0.0
1.1301886081695556,0.15961272547461253,0.03399052619934082,0.006169737822511047,0.0,0.08,350,31,10,"{'classifier__l2_regularization': 0.0, 'classifier__learning_rate': 0.08, 'classifier__max_iter': 350, 'classifier__max_leaf_nodes': 31, 'classifier__min_samples_leaf': 10}",0.891566265060241,0.8604651162790697,0.8695652173913043,0.891566265060241,0.891566265060241,0.8809458257702193,0.013321853478207904,16,1.0,1.0,1.0,1.0,1.0,1.0,0.0
0.9163633823394776,0.1514346238889724,0.03658132553100586,0.011256503245613425,0.0,0.08,350,31,20,"{'classifier__l2_regularization': 0.0, 'classifier__learning_rate': 0.08, 'classifier__max_iter': 350, 'classifier__max_leaf_nodes': 31, 'classifier__min_samples_leaf': 20}",0.8888888888888888,0.8554913294797688,0.8780487804878049,0.8957055214723927,0.8711656441717791,0.8778600329001269,0.014037852297340524,61,1.0,1.0,1.0,1.0,1.0,1.0,0.0
0.5886695861816407,0.13961956804322542,0.036895132064819335,0.00796914615088834,0.0,0.08,350,31,30,"{'classifier__l2_regularization': 0.0, 'classifier__learning_rate': 0.08, 'classifier__max_iter': 350, 'classifier__max_leaf_nodes': 31, 'classifier__min_samples_leaf': 30}",0.8625,0.8402366863905325,0.8711656441717791,0.8982035928143712,0.8606060606060606,0.8665423967965487,0.018800942576179473,318,1.0,1.0,1.0,1.0,1.0,1.0,0.0
0.21082677841186523,0.052068739237674785,0.023789119720458985,0.006179828955405055,0.5,0.02,150,7,10,"{'classifier__l2_regularization': 0.5, 'classifier__learning_rate': 0.02, 'classifier__max_iter': 150, 'classifier__max_leaf_nodes': 7, 'classifier__min_samples_leaf': 10}",0.8658536585365854,0.8390804597701149,0.8888888888888888,0.9090909090909091,0.8727272727272727,0.8751282378027542,0.023383940276566564,137,0.9242424242424242,0.9233082706766917,0.9088145896656535,0.9155145929339478,0.9082706766917293,0.9160301108420894,0.006825716443836799
0.17848267555236816,0.025283883965431544,0.020939016342163087,0.003382661854077111,0.5,0.02,150,7,20,"{'classifier__l2_regularization': 0.5, 'classifier__learning_rate': 0.02, 'classifier__max_iter': 150, 'classifier__max_leaf_nodes': 7, 'classifier__min_samples_leaf': 20}",0.8727272727272727,0.8342857142857143,0.8930817610062893,0.9090909090909091,0.8795180722891566,0.8777407458798685,0.025039221439708728,67,0.9200603318250377,0.9246987951807228,0.91324200913242,0.9104704097116844,0.9063444108761329,0.9149631913451994,0.006605963289384286
0.18831300735473633,0.0315421055165583,0.023478221893310548,0.0028373461619209113,0.5,0.02,150,7,30,"{'classifier__l2_regularization': 0.5, 'classifier__learning_rate': 0.02, 'classifier__max_iter': 150, 'classifier__max_leaf_nodes': 7, 'classifier__min_samples_leaf': 30}",0.8727272727272727,0.8228571428571428,0.8860759493670886,0.9090909090909091,0.8727272727272727,0.8726957093539373,0.028240134878049286,204,0.9193302891933028,0.9219219219219219,0.9104704097116844,0.9038167938931297,0.9041916167664671,0.9119462062973012,0.00751583079678172
0.3067445755004883,0.041753105851194565,0.022361898422241212,0.004079683958345001,0.5,0.02,150,15,10,"{'classifier__l2_regularization': 0.5, 'classifier__learning_rate': 0.02, 'classifier__max_iter': 150, 'classifier__max_leaf_nodes': 15, 'classifier__min_samples_leaf': 10}",0.8571428571428571,0.8275862068965517,0.8717948717948718,0.9024390243902439,0.8765432098765432,0.8671012340202136,0.024578637921913497,314,0.9470499243570348,0.9519519519519519,0.9420731707317073,0.9468892261001517,0.9513677811550152,0.9478664108591722,0.0035814637065118443
0.38846049308776853,0.04191558628277546,0.03114018440246582,0.010329994360902994,0.5,0.02,150,15,20,"{'classifier__l2_regularization': 0.5, 'classifier__learning_rate': 0.02, 'classifier__max_iter': 150, 'classifier__max_leaf_nodes': 15, 'classifier__min_samples_leaf': 20}",0.8571428571428571,0.8372093023255814,0.8774193548387097,0.8957055214723927,0.8780487804878049,0.8691051632534691,0.020085496459587873,286,0.9345509893455098,0.9432835820895522,0.9288956127080181,0.928462709284627,0.9335347432024169,0.9337455273260249,0.005349720103783345
0.28827624320983886,0.04470404298645961,0.025173139572143555,0.004889705911016095,0.5,0.02,150,15,30,"{'classifier__l2_regularization': 0.5, 'classifier__learning_rate': 0.02, 'classifier__max_iter': 150, 'classifier__max_leaf_nodes': 15, 'classifier__min_samples_leaf': 30}",0.8819875776397516,0.8208092485549133,0.8846153846153846,0.896969696969697,0.8888888888888888,0.8746541593337269,0.027396679344155798,150,0.9282442748091603,0.9307228915662651,0.9212121212121213,0.9115853658536586,0.9203007518796993,0.9224130810641809,0.006726060167766621
0.5283545970916748,0.10780085725160303,0.026923561096191408,0.004000756931583947,0.5,0.02,150,31,10,"{'classifier__l2_regularization': 0.5, 'classifier__learning_rate': 0.02, 'classifier__max_iter': 150, 'classifier__max_leaf_nodes': 31, 'classifier__min_samples_leaf': 10}",0.8571428571428571,0.8323699421965318,0.8461538461538461,0.9090909090909091,0.896969696969697,0.8683454503107683,0.02963694478456269,302,0.9708141321044547,0.9665653495440729,0.9646697388632872,0.9695121951219512,0.9662576687116564,0.9675638168690845,0.0022556318164732203
0.3370188236236572,0.05467149874849035,0.023087406158447267,0.003589338912562915,0.5,0.02,150,31,20,"{'classifier__l2_regularization': 0.5, 'classifier__learning_rate': 0.02, 'classifier__max_iter': 150, 'classifier__max_leaf_nodes': 31, 'classifier__min_samples_leaf': 20}",0.8641975308641975,0.8439306358381503,0.8774193548387097,0.9024390243902439,0.8765432098765432,0.872905951161569,0.019085116505853313,198,0.9375951293759512,0.9432835820895522,0.9319213313161876,0.9317147192716236,0.9365558912386707,0.9362141306583972,0.004258495751071666
0.25322895050048827,0.045590095234070926,0.026090240478515624,0.008971317763495766,0.5,0.02,150,31,30,"{'classifier__l2_regularization': 0.5, 'classifier__learning_rate': 0.02, 'classifier__max_iter': 150, 'classifier__max_leaf_nodes': 31, 'classifier__min_samples_leaf': 30}",0.875,0.8208092485549133,0.8846153846153846,0.896969696969697,0.8888888888888888,0.8732566438057766,0.0271641879278342,190,0.9298780487804879,0.9307228915662651,0.9212121212121213,0.9115853658536586,0.9203007518796993,0.9227398358584464,0.007034038753635421
0.3228787899017334,0.05538613598795953,0.02489013671875,0.00570953987405071,0.5,0.02,250,7,10,"{'classifier__l2_regularization': 0.5, 'classifier__learning_rate': 0.02, 'classifier__max_iter': 250, 'classifier__max_leaf_nodes': 7, 'classifier__min_samples_leaf': 10}",0.8711656441717791,0.8390804597701149,0.8789808917197452,0.8888888888888888,0.8848484848484849,0.8725928738798027,0.0177858694553521,208,0.9331306990881459,0.9502262443438914,0.9244992295839753,0.9327217125382263,0.9317147192716236,0.9344585209651726,0.008486655967410585
0.30943613052368163,0.03720176479047557,0.026922941207885742,0.00562707217099888,0.5,0.02,250,7,20,"{'classifier__l2_regularization': 0.5, 'classifier__learning_rate': 0.02, 'classifier__max_iter': 250, 'classifier__max_leaf_nodes': 7, 'classifier__min_samples_leaf': 20}",0.8902439024390244,0.8421052631578947,0.8789808917197452,0.8888888888888888,0.8902439024390244,0.8780925697289155,0.018481047756356034,54,0.9300911854103343,0.9473684210526315,0.9174311926605505,0.9296636085626911,0.9270516717325228,0.930321215883746,0.009674039312808247
0.2902712821960449,0.024440245521331897,0.03208341598510742,0.008590708398527118,0.5,0.02,250,7,30,"{'classifier__l2_regularization': 0.5, 'classifier__learning_rate': 0.02, 'classifier__max_iter': 250, 'classifier__max_leaf_nodes': 7, 'classifier__min_samples_leaf': 30}",0.8848484848484849,0.8117647058823529,0.8846153846153846,0.9024390243902439,0.8902439024390244,0.8747823004350982,0.032165790376777754,148,0.9317147192716236,0.9427710843373494,0.9218989280245024,0.9223744292237442,0.9151515151515152,0.9267821352017469,0.009576239211136591
0.5500165939331054,0.12290302299736419,0.027324819564819337,0.005394992088415354,0.5,0.02,250,15,10,"{'classifier__l2_regularization': 0.5, 'classifier__learning_rate': 0.02, 'classifier__max_iter': 250, 'classifier__max_leaf_nodes': 15, 'classifier__min_samples_leaf': 10}",0.8679245283018868,0.8352941176470589,0.89171974522293,0.891566265060241,0.8888888888888888,0.875078709024201,0.02178752244087289,141,0.9693251533742331,0.9770992366412213,0.9649923896499238,0.9678407350689127,0.9709923664122138,0.970049976229301,0.004038947097841128
0.4892075538635254,0.07994267638784451,0.026308822631835937,0.001746707474678524,0.5,0.02,250,15,20,"{'classifier__l2_regularization': 0.5, 'classifier__learning_rate': 0.02, 'classifier__max_iter': 250, 'classifier__max_leaf_nodes': 15, 'classifier__min_samples_leaf': 20}",0.9024390243902439,0.8439306358381503,0.8717948717948718,0.8780487804878049,0.906832298136646,0.8806091221295433,0.02277611603203588,20,0.9574468085106383,0.9726443768996961,0.9557251908396946,0.9573170731707317,0.9619482496194824,0.9610163398080488,0.006172553559813744
0.4402944564819336,0.1157113149996417,0.02901468276977539,0.004882443392668133,0.5,0.02,250,15,30,"{'classifier__l2_regularization': 0.5, 'classifier__learning_rate': 0.02, 'classifier__max_iter': 250, 'classifier__max_leaf_nodes': 15, 'classifier__min_samples_leaf': 30}",0.8834355828220859,0.8304093567251462,0.8860759493670886,0.8957055214723927,0.8848484848484849,0.8760949790470397,0.023245978393189305,118,0.9452887537993921,0.9548192771084337,0.948170731707317,0.9454545454545454,0.9484848484848485,0.9484436313109074,0.0034529094617134237
0.7797045230865478,0.09763628852750722,0.03203372955322266,0.009278169561578049,0.5,0.02,250,31,10,"{'classifier__l2_regularization': 0.5, 'classifier__learning_rate': 0.02, 'classifier__max_iter': 250, 'classifier__max_leaf_nodes': 31, 'classifier__min_samples_leaf': 10}",0.8625,0.8372093023255814,0.8461538461538461,0.9047619047619048,0.896969696969697,0.8695189500422058,0.02696188583624338,283,0.9953917050691244,0.9923430321592649,0.9969230769230769,0.9938461538461538,0.9953917050691244,0.9947791346133489,0.0015589754348783072
0.5157790184020996,0.10708218864259722,0.027106046676635742,0.006088353250168564,0.5,0.02,250,31,20,"{'classifier__l2_regularization': 0.5, 'classifier__learning_rate': 0.02, 'classifier__max_iter': 250, 'classifier__max_leaf_nodes': 31, 'classifier__min_samples_leaf': 20}",0.9024390243902439,0.8439306358381503,0.8875,0.8902439024390244,0.8875,0.8823227125334837,0.019974841257143074,4,0.9631901840490797,0.975609756097561,0.963302752293578,0.9649923896499238,0.9740458015267176,0.968228176723372,0.005448742357544208
0.42594232559204104,0.0968545587218843,0.02628297805786133,0.004373386795278986,0.5,0.02,250,31,30,"{'classifier__l2_regularization': 0.5, 'classifier__learning_rate': 0.02, 'classifier__max_iter': 250, 'classifier__max_leaf_nodes': 31, 'classifier__min_samples_leaf': 30}",0.8695652173913043,0.8372093023255814,0.8860759493670886,0.8957055214723927,0.8848484848484849,0.8746808950809705,0.020520976977781547,149,0.9468892261001517,0.9548192771084337,0.948170731707317,0.9454545454545454,0.9499241274658573,0.9490515815672611,0.003237838619786407
0.42321186065673827,0.0914595867473322,0.03519692420959473,0.01406664675332135,0.5,0.02,350,7,10,"{'classifier__l2_regularization': 0.5, 'classifier__learning_rate': 0.02, 'classifier__max_iter': 350, 'classifier__max_leaf_nodes': 7, 'classifier__min_samples_leaf': 10}",0.8695652173913043,0.8470588235294118,0.8717948717948718,0.8819875776397516,0.8780487804878049,0.8696910541686289,0.012146734753898715,277,0.939209726443769,0.9635258358662614,0.9390243902439024,0.9451219512195121,0.9440242057488654,0.9461812219044621,0.00901590145176174
0.4010824203491211,0.07695218578145327,0.03037748336791992,0.005999052363567767,0.5,0.02,350,7,20,"{'classifier__l2_regularization': 0.5, 'classifier__learning_rate': 0.02, 'classifier__max_iter': 350, 'classifier__max_leaf_nodes': 7, 'classifier__min_samples_leaf': 20}",0.8695652173913043,0.8402366863905325,0.8589743589743589,0.8819875776397516,0.8848484848484849,0.8671224650488865,0.01631187981778307,313,0.9363636363636364,0.9545454545454546,0.9355828220858896,0.9404580152671755,0.9390243902439024,0.9411948637012116,0.00690402701636443
0.46142826080322263,0.13054347637343722,0.04070239067077637,0.012468858628748868,0.5,0.02,350,7,30,"{'classifier__l2_regularization': 0.5, 'classifier__learning_rate': 0.02, 'classifier__max_iter': 350, 'classifier__max_leaf_nodes': 7, 'classifier__min_samples_leaf': 30}",0.8625,0.8165680473372781,0.8774193548387097,0.9024390243902439,0.8765432098765432,0.8670939272885549,0.028351888816910763,315,0.9406392694063926,0.9503759398496241,0.9361702127659575,0.9374045801526718,0.9365558912386707,0.9402291786826634,0.005311714194040115
0.7273849010467529,0.08876519819673058,0.036184835433959964,0.012254287909328672,0.5,0.02,350,15,10,"{'classifier__l2_regularization': 0.5, 'classifier__learning_rate': 0.02, 'classifier__max_iter': 350, 'classifier__max_leaf_nodes': 15, 'classifier__min_samples_leaf': 10}",0.8695652173913043,0.8402366863905325,0.8607594936708861,0.896969696969697,0.8834355828220859,0.8701933354489011,0.01938619806758475,266,0.9877300613496932,0.989247311827957,0.9846625766871165,0.9877300613496932,0.989247311827957,0.9877234646084834,0.0016741172359039577
0.7333046436309815,0.17728298267219456,0.04167342185974121,0.007800522454624886,0.5,0.02,350,15,20,"{'classifier__l2_regularization': 0.5, 'classifier__learning_rate': 0.02, 'classifier__max_iter': 350, 'classifier__max_leaf_nodes': 15, 'classifier__min_samples_leaf': 20}",0.891566265060241,0.8284023668639053,0.8679245283018868,0.8834355828220859,0.9,0.8742657486096238,0.025255915282206477,160,0.9861325115562404,0.9877300613496932,0.9785932721712538,0.9817073170731707,0.9770992366412213,0.9822524797583159,0.00413041072982992
0.5225603103637695,0.05509057218544942,0.03198418617248535,0.01185666312121899,0.5,0.02,350,15,30,"{'classifier__l2_regularization': 0.5, 'classifier__learning_rate': 0.02, 'classifier__max_iter': 350, 'classifier__max_leaf_nodes': 15, 'classifier__min_samples_leaf': 30}",0.8695652173913043,0.8421052631578947,0.8774193548387097,0.8957055214723927,0.896969696969697,0.8763530107659996,0.020098193279348277,107,0.9603658536585366,0.9740458015267176,0.9680365296803652,0.9602446483180428,0.9635258358662614,0.9652437338099847,0.005234727284897483
1.1665948390960694,0.19106006914865464,0.03123617172241211,0.007497447766903136,0.5,0.02,350,31,10,"{'classifier__l2_regularization': 0.5, 'classifier__learning_rate': 0.02, 'classifier__max_iter': 350, 'classifier__max_leaf_nodes': 31, 'classifier__min_samples_leaf': 10}",0.8553459119496856,0.8488372093023255,0.8481012658227848,0.8928571428571429,0.896969696969697,0.8684222453803272,0.0218152586567013,301,0.9984591679506933,1.0,1.0,1.0,1.0,0.9996918335901388,0.0006163328197226648
0.8093442440032959,0.15227002936413525,0.030955410003662108,0.0055552473215746525,0.5,0.02,350,31,20,"{'classifier__l2_regularization': 0.5, 'classifier__learning_rate': 0.02, 'classifier__max_iter': 350, 'classifier__max_leaf_nodes': 31, 'classifier__min_samples_leaf': 20}",0.9036144578313253,0.8421052631578947,0.8679245283018868,0.8902439024390244,0.8944099378881988,0.879659617923666,0.022142607177405,29,0.9907692307692307,0.99079754601227,0.989247311827957,0.99079754601227,0.989247311827957,0.990171789289937,0.0007549034941882988
0.5733440399169922,0.11120041993832086,0.030037927627563476,0.008209144624705539,0.5,0.02,350,31,30,"{'classifier__l2_regularization': 0.5, 'classifier__learning_rate': 0.02, 'classifier__max_iter': 350, 'classifier__max_leaf_nodes': 31, 'classifier__min_samples_leaf': 30}",0.8765432098765432,0.8421052631578947,0.8774193548387097,0.9012345679012346,0.8902439024390244,0.8775092596426812,0.01989696299053222,75,0.963302752293578,0.9740458015267176,0.963302752293578,0.9619482496194824,0.9618320610687023,0.9648863233604118,0.0046232505962830114
0.22019171714782715,0.06467317421673113,0.025772523880004884,0.007073083262246982,0.5,0.03,150,7,10,"{'classifier__l2_regularization': 0.5, 'classifier__learning_rate': 0.03, 'classifier__max_iter': 150, 'classifier__max_leaf_nodes': 7, 'classifier__min_samples_leaf': 10}",0.8711656441717791,0.8390804597701149,0.8860759493670886,0.9012345679012346,0.8848484848484849,0.8764810212117403,0.02098509183660273,95,0.9300911854103343,0.9441930618401206,0.9157733537519143,0.926829268292683,0.9214501510574018,0.9276674040704908,0.009589548689004473
0.1757732391357422,0.01865517944593993,0.0238034725189209,0.005541610080573612,0.5,0.03,150,7,20,"{'classifier__l2_regularization': 0.5, 'classifier__learning_rate': 0.03, 'classifier__max_iter': 150, 'classifier__max_leaf_nodes': 7, 'classifier__min_samples_leaf': 20}",0.8848484848484849,0.8372093023255814,0.8860759493670886,0.8957055214723927,0.8780487804878049,0.8763776077002705,0.020378080409792092,104,0.928462709284627,0.9429429429429429,0.9193302891933028,0.9218989280245024,0.9123867069486404,0.9250043152788031,0.010342116742366254
0.18935232162475585,0.0069028403101977,0.029300642013549805,0.003587927270610128,0.5,0.03,150,7,30,"{'classifier__l2_regularization': 0.5, 'classifier__learning_rate': 0.03, 'classifier__max_iter': 150, 'classifier__max_leaf_nodes': 7, 'classifier__min_samples_leaf': 30}",0.8848484848484849,0.8187134502923976,0.8789808917197452,0.9135802469135802,0.8902439024390244,0.8772733952426466,0.03154674694645531,79,0.9319213313161876,0.9381598793363499,0.9204892966360856,0.91324200913242,0.9093655589123867,0.9226356150666859,0.010919415854089363
0.31987462043762205,0.03229327355739714,0.03257994651794434,0.01216328782153154,0.5,0.03,150,15,10,"{'classifier__l2_regularization': 0.5, 'classifier__learning_rate': 0.03, 'classifier__max_iter': 150, 'classifier__max_leaf_nodes': 15, 'classifier__min_samples_leaf': 10}",0.8641975308641975,0.8421052631578947,0.8846153846153846,0.8902439024390244,0.8944099378881988,0.87511440379294,0.01949497105357243,138,0.9680365296803652,0.9710806697108066,0.9619482496194824,0.9679389312977099,0.9635258358662614,0.9665060432349252,0.0033159578693098897
0.3120733261108398,0.059905117851872046,0.023088932037353516,0.004282676286173707,0.5,0.03,150,15,20,"{'classifier__l2_regularization': 0.5, 'classifier__learning_rate': 0.03, 'classifier__max_iter': 150, 'classifier__max_leaf_nodes': 15, 'classifier__min_samples_leaf': 20}",0.8957055214723927,0.8439306358381503,0.8789808917197452,0.8902439024390244,0.9,0.8817721902938626,0.020188785314816472,9,0.9515151515151515,0.9696969696969697,0.9452887537993921,0.9528158295281582,0.9603658536585366,0.9559365116396416,0.008386073048618067
0.2562243461608887,0.020185836912506933,0.028603076934814453,0.012475501466256509,0.5,0.03,150,15,30,"{'classifier__l2_regularization': 0.5, 'classifier__learning_rate': 0.03, 'classifier__max_iter': 150, 'classifier__max_leaf_nodes': 15, 'classifier__min_samples_leaf': 30}",0.8834355828220859,0.8304093567251462,0.8860759493670886,0.8819875776397516,0.8780487804878049,0.8719914494083755,0.020952449021622275,229,0.9440242057488654,0.9518072289156626,0.9433384379785605,0.939209726443769,0.9438543247344461,0.9444467847642608,0.0040831588866143895
0.47521629333496096,0.09869863247920331,0.020265626907348632,0.0006494672356210242,0.5,0.03,150,31,10,"{'classifier__l2_regularization': 0.5, 'classifier__learning_rate': 0.03, 'classifier__max_iter': 150, 'classifier__max_leaf_nodes': 31, 'classifier__min_samples_leaf': 10}",0.8641975308641975,0.8323699421965318,0.8407643312101911,0.9156626506024096,0.8834355828220859,0.8672860075390831,0.03011039022785657,311,0.9892141756548536,0.9892802450229708,0.9892141756548536,0.9907692307692307,0.9938461538461538,0.9904647961896126,0.001792067237858635
0.3645307540893555,0.06390201393563756,0.02032632827758789,0.001436916060270678,0.5,0.03,150,31,20,"{'classifier__l2_regularization': 0.5, 'classifier__learning_rate': 0.03, 'classifier__max_iter': 150, 'classifier__max_leaf_nodes': 31, 'classifier__min_samples_leaf': 20}",0.8888888888888888,0.8505747126436781,0.8734177215189873,0.8888888888888888,0.8819875776397516,0.8767515579160389,0.014271560547967665,88,0.9602446483180428,0.9682299546142209,0.9526717557251908,0.9590288315629742,0.9648854961832061,0.9610121372807271,0.005313836685803207
0.2827310562133789,0.03479354512873518,0.022037220001220704,0.004143818033666805,0.5,0.03,150,31,30,"{'classifier__l2_regularization': 0.5, 'classifier__learning_rate': 0.03, 'classifier__max_iter': 150, 'classifier__max_leaf_nodes': 31, 'classifier__min_samples_leaf': 30}",0.8834355828220859,0.8304093567251462,0.8860759493670886,0.8819875776397516,0.8780487804878049,0.8719914494083755,0.020952449021622275,229,0.9424242424242424,0.9503759398496241,0.944954128440367,0.939209726443769,0.9452887537993921,0.9444505581914789,0.0036780042322903652
0.2906705379486084,0.04471526269135121,0.02590179443359375,0.004702595868006161,0.5,0.03,250,7,10,"{'classifier__l2_regularization': 0.5, 'classifier__learning_rate': 0.03, 'classifier__max_iter': 250, 'classifier__max_leaf_nodes': 7, 'classifier__min_samples_leaf': 10}",0.8518518518518519,0.8520710059171598,0.8846153846153846,0.8819875776397516,0.8780487804878049,0.8697149201023906,0.01464576464207388,276,0.9420731707317073,0.9649923896499238,0.9404580152671755,0.9480122324159022,0.9467275494672754,0.9484526715063968,0.008733210949326707
0.2889595031738281,0.0409216830119213,0.032559537887573244,0.005678714254496873,0.5,0.03,250,7,20,"{'classifier__l2_regularization': 0.5, 'classifier__learning_rate': 0.03, 'classifier__max_iter': 250, 'classifier__max_leaf_nodes': 7, 'classifier__min_samples_leaf': 20}",0.8695652173913043,0.8402366863905325,0.8662420382165605,0.8888888888888888,0.8848484848484849,0.8699562631471542,0.017189672544229095,273,0.9422492401215805,0.9575757575757575,0.941717791411043,0.9418960244648318,0.9451219512195121,0.945712152958545,0.006059752119937086
0.29481053352355957,0.057433266230824155,0.02673511505126953,0.007051328780731785,0.5,0.03,250,7,30,"{'classifier__l2_regularization': 0.5, 'classifier__learning_rate': 0.03, 'classifier__max_iter': 250, 'classifier__max_leaf_nodes': 7, 'classifier__min_samples_leaf': 30}",0.8481012658227848,0.8263473053892215,0.8846153846153846,0.9090909090909091,0.8848484848484849,0.8706006699533569,0.02948048312591541,256,0.9452887537993921,0.9518072289156626,0.9298780487804879,0.939209726443769,0.9408194233687405,0.9414006362616105,0.007229419688631357
0.5359574317932129,0.08709262781662686,0.027547454833984374,0.005318351721115378,0.5,0.03,250,15,10,"{'classifier__l2_regularization': 0.5, 'classifier__learning_rate': 0.03, 'classifier__max_iter': 250, 'classifier__max_leaf_nodes': 15, 'classifier__min_samples_leaf': 10}",0.8625,0.8470588235294118,0.8789808917197452,0.9101796407185628,0.8834355828220859,0.8764309877579611,0.02121949287925209,100,0.9923195084485407,0.9938650306748467,0.9908256880733946,0.9922958397534669,0.9922958397534669,0.9923203813407433,0.0009613797241211741
0.49423818588256835,0.05688281431013508,0.033343172073364256,0.00916159044898504,0.5,0.03,250,15,20,"{'classifier__l2_regularization': 0.5, 'classifier__learning_rate': 0.03, 'classifier__max_iter': 250, 'classifier__max_leaf_nodes': 15, 'classifier__min_samples_leaf': 20}",0.896969696969697,0.8421052631578947,0.8734177215189873,0.8834355828220859,0.9012345679012346,0.8794325664739798,0.021111173746737315,32,0.9907692307692307,0.99079754601227,0.9847094801223242,0.9831546707503829,0.9831546707503829,0.9865171196809183,0.0035293677813509456
0.4925368785858154,0.0958365577799206,0.0291898250579834,0.006996173524519472,0.5,0.03,250,15,30,"{'classifier__l2_regularization': 0.5, 'classifier__learning_rate': 0.03, 'classifier__max_iter': 250, 'classifier__max_leaf_nodes': 15, 'classifier__min_samples_leaf': 30}",0.8765432098765432,0.8352941176470589,0.8846153846153846,0.8957055214723927,0.8957055214723927,0.8775727510167544,0.02234160339531079,73,0.9663608562691132,0.983206106870229,0.9678407350689127,0.9664634146341463,0.9648854961832061,0.9697513218051214,0.006792104709491995
0.9536221504211426,0.14149858398983792,0.03103609085083008,0.00873637020459399,0.5,0.03,250,31,10,"{'classifier__l2_regularization': 0.5, 'classifier__learning_rate': 0.03, 'classifier__max_iter': 250, 'classifier__max_leaf_nodes': 31, 'classifier__min_samples_leaf': 10}",0.8571428571428571,0.8488372093023255,0.8553459119496856,0.8982035928143712,0.8834355828220859,0.8685930308062652,0.018941868181340048,296,1.0,1.0,1.0,1.0,1.0,1.0,0.0
0.6108821868896485,0.14516572378290532,0.035782670974731444,0.009354237724436505,0.5,0.03,250,31,20,"{'classifier__l2_regularization': 0.5, 'classifier__learning_rate': 0.03, 'classifier__max_iter': 250, 'classifier__max_leaf_nodes': 31, 'classifier__min_samples_leaf': 20}",0.8902439024390244,0.8421052631578947,0.875,0.8902439024390244,0.8944099378881988,0.8784006011848284,0.01931704988752061,46,0.9938461538461538,0.9938461538461538,0.9907692307692307,0.9923195084485407,0.9938650306748467,0.9929292155169851,0.0012324429908538172
0.37451977729797364,0.037818476380727474,0.02384638786315918,0.0008769329241400815,0.5,0.03,250,31,30,"{'classifier__l2_regularization': 0.5, 'classifier__learning_rate': 0.03, 'classifier__max_iter': 250, 'classifier__max_leaf_nodes': 31, 'classifier__min_samples_leaf': 30}",0.8695652173913043,0.8421052631578947,0.8774193548387097,0.9012345679012346,0.8902439024390244,0.8761136611456335,0.020158778537149723,116,0.9663608562691132,0.9817073170731707,0.9724770642201835,0.9664634146341463,0.9665653495440729,0.9707148003481372,0.005969757941702583
0.4587393283843994,0.09553160632521387,0.03729400634765625,0.007146176096097425,0.5,0.03,350,7,10,"{'classifier__l2_regularization': 0.5, 'classifier__learning_rate': 0.03, 'classifier__max_iter': 350, 'classifier__max_leaf_nodes': 7, 'classifier__min_samples_leaf': 10}",0.8518518518518519,0.8588235294117647,0.8789808917197452,0.8819875776397516,0.8765432098765432,0.8696374120999314,0.012006527019332395,280,0.9557251908396946,0.9755351681957186,0.9480122324159022,0.9618320610687023,0.9557251908396946,0.9593659686719425,0.00919720042587241
0.3669155120849609,0.06293293320808331,0.03473796844482422,0.009469020147668327,0.5,0.03,350,7,20,"{'classifier__l2_regularization': 0.5, 'classifier__learning_rate': 0.03, 'classifier__max_iter': 350, 'classifier__max_leaf_nodes': 7, 'classifier__min_samples_leaf': 20}",0.8765432098765432,0.8520710059171598,0.8607594936708861,0.8957055214723927,0.8902439024390244,0.8750646266752012,0.016685242490668127,143,0.9510703363914373,0.9711684370257967,0.9586523736600306,0.9590288315629742,0.9573170731707317,0.9594474103621942,0.006525388302295651
0.38793377876281737,0.06305709285125416,0.033738565444946286,0.009115135209596767,0.5,0.03,350,7,30,"{'classifier__l2_regularization': 0.5, 'classifier__learning_rate': 0.03, 'classifier__max_iter': 350, 'classifier__max_leaf_nodes': 7, 'classifier__min_samples_leaf': 30}",0.8607594936708861,0.8333333333333334,0.8846153846153846,0.9146341463414634,0.8902439024390244,0.8767172520800184,0.027640029295128515,89,0.9574468085106383,0.9680365296803652,0.9480122324159022,0.9499241274658573,0.9513677811550152,0.9549574958455557,0.007262442240860117
0.7096106052398682,0.16575791979236615,0.03531427383422851,0.006522913378741489,0.5,0.03,350,15,10,"{'classifier__l2_regularization': 0.5, 'classifier__learning_rate': 0.03, 'classifier__max_iter': 350, 'classifier__max_leaf_nodes': 15, 'classifier__min_samples_leaf': 10}",0.8662420382165605,0.8470588235294118,0.8641975308641975,0.8994082840236687,0.8888888888888888,0.8731591131045455,0.018685961668211806,191,0.9969230769230769,1.0,1.0,0.9984639016897081,1.0,0.999077395722557,0.0012305332483442193
0.7284084320068359,0.10496504443494362,0.03674483299255371,0.012741175168710228,0.5,0.03,350,15,20,"{'classifier__l2_regularization': 0.5, 'classifier__learning_rate': 0.03, 'classifier__max_iter': 350, 'classifier__max_leaf_nodes': 15, 'classifier__min_samples_leaf': 20}",0.896969696969697,0.8470588235294118,0.8789808917197452,0.8819875776397516,0.8957055214723927,0.8801405022661998,0.018025789687869182,23,0.9938461538461538,0.9984639016897081,0.9969230769230769,0.9969135802469136,0.9969325153374233,0.9966158456086551,0.001507966873010335
0.6476405620574951,0.1823385302844818,0.03667593002319336,0.012654104793793048,0.5,0.03,350,15,30,"{'classifier__l2_regularization': 0.5, 'classifier__learning_rate': 0.03, 'classifier__max_iter': 350, 'classifier__max_leaf_nodes': 15, 'classifier__min_samples_leaf': 30}",0.8834355828220859,0.8488372093023255,0.8553459119496856,0.9024390243902439,0.8780487804878049,0.8736213017904291,0.019465995632969593,180,0.9876923076923076,0.99079754601227,0.9876923076923076,0.9877300613496932,0.9862174578866769,0.988025936126651,0.0015008379426550548
1.1986547470092774,0.21876296089626127,0.03668980598449707,0.010964737519745943,0.5,0.03,350,31,10,"{'classifier__l2_regularization': 0.5, 'classifier__learning_rate': 0.03, 'classifier__max_iter': 350, 'classifier__max_leaf_nodes': 31, 'classifier__min_samples_leaf': 10}",0.85,0.8538011695906432,0.8427672955974843,0.8928571428571429,0.8982035928143712,0.8675258401719284,0.0232004594293405,310,1.0,1.0,1.0,1.0,1.0,1.0,0.0
0.6496547222137451,0.031001135455795633,0.03025369644165039,0.005078841814363467,0.5,0.03,350,31,20,"{'classifier__l2_regularization': 0.5, 'classifier__learning_rate': 0.03, 'classifier__max_iter': 350, 'classifier__max_leaf_nodes': 31, 'classifier__min_samples_leaf': 20}",0.8795180722891566,0.8352941176470589,0.875,0.9024390243902439,0.8902439024390244,0.8764990233530968,0.022676028473385262,93,0.9984591679506933,1.0,1.0,0.9984591679506933,1.0,0.9993836671802774,0.0007548504600256505
0.5128794193267823,0.0557457380877129,0.033809852600097653,0.005366380992324633,0.5,0.03,350,31,30,"{'classifier__l2_regularization': 0.5, 'classifier__learning_rate': 0.03, 'classifier__max_iter': 350, 'classifier__max_leaf_nodes': 31, 'classifier__min_samples_leaf': 30}",0.8711656441717791,0.8421052631578947,0.8625,0.9079754601226994,0.8834355828220859,0.8734363900548919,0.021905851474337042,186,0.9876923076923076,0.99079754601227,0.9877300613496932,0.989247311827957,0.9892802450229708,0.9889494943810397,0.0011559343700040324
0.23666715621948242,0.03624234101469089,0.0244415283203125,0.006539387607531626,0.5,0.05,150,7,10,"{'classifier__l2_regularization': 0.5, 'classifier__learning_rate': 0.05, 'classifier__max_iter': 150, 'classifier__max_leaf_nodes': 7, 'classifier__min_samples_leaf': 10}",0.8571428571428571,0.8520710059171598,0.8789808917197452,0.8819875776397516,0.8848484848484849,0.8710061634535997,0.013612707760333702,249,0.9408194233687405,0.9649923896499238,0.9433384379785605,0.9464012251148545,0.9465648854961832,0.9484232723216526,0.00855280053237544
0.1998056411743164,0.03893043579893599,0.021427392959594727,0.0023323737769598476,0.5,0.05,150,7,20,"{'classifier__l2_regularization': 0.5, 'classifier__learning_rate': 0.05, 'classifier__max_iter': 150, 'classifier__max_leaf_nodes': 7, 'classifier__min_samples_leaf': 20}",0.8695652173913043,0.8452380952380952,0.8662420382165605,0.8888888888888888,0.8848484848484849,0.8709565449166667,0.015492940166312695,251,0.9375951293759512,0.9591527987897126,0.9402756508422665,0.9435114503816794,0.9467275494672754,0.9454525157713771,0.0075050603197646506
0.1836404323577881,0.02893355602483856,0.030258321762084962,0.00672251427391732,0.5,0.05,150,7,30,"{'classifier__l2_regularization': 0.5, 'classifier__learning_rate': 0.05, 'classifier__max_iter': 150, 'classifier__max_leaf_nodes': 7, 'classifier__min_samples_leaf': 30}",0.8625,0.8263473053892215,0.8774193548387097,0.9090909090909091,0.8848484848484849,0.8720412108334651,0.02736639742648162,226,0.9454545454545454,0.9532428355957768,0.9329268292682927,0.9424242424242424,0.9424242424242424,0.9432945390334201,0.006521326097991284
0.31243171691894533,0.05413368896782228,0.020951271057128906,0.0008333199410011232,0.5,0.05,150,15,10,"{'classifier__l2_regularization': 0.5, 'classifier__learning_rate': 0.05, 'classifier__max_iter': 150, 'classifier__max_leaf_nodes': 15, 'classifier__min_samples_leaf': 10}",0.8695652173913043,0.8304093567251462,0.8625,0.9047619047619048,0.8944099378881988,0.8723292833533108,0.026080511331317717,217,0.9938461538461538,0.99079754601227,0.99079754601227,0.9907692307692307,0.9938461538461538,0.9920113260972157,0.0014981662611052474
0.3082131385803223,0.04884223851842561,0.02760791778564453,0.008053611270281445,0.5,0.05,150,15,20,"{'classifier__l2_regularization': 0.5, 'classifier__learning_rate': 0.05, 'classifier__max_iter': 150, 'classifier__max_leaf_nodes': 15, 'classifier__min_samples_leaf': 20}",0.896969696969697,0.8421052631578947,0.8805031446540881,0.8957055214723927,0.8944099378881988,0.8819387128284543,0.020783414193169335,8,0.9861325115562404,0.99079754601227,0.9847094801223242,0.9877300613496932,0.9831546707503829,0.9865048539581821,0.002627320757883575
0.25348854064941406,0.026756546109939678,0.024175214767456054,0.0038696994275855723,0.5,0.05,150,15,30,"{'classifier__l2_regularization': 0.5, 'classifier__learning_rate': 0.05, 'classifier__max_iter': 150, 'classifier__max_leaf_nodes': 15, 'classifier__min_samples_leaf': 30}",0.8834355828220859,0.8352941176470589,0.8846153846153846,0.8888888888888888,0.8902439024390244,0.8764955752824886,0.0207570028726986,94,0.9678407350689127,0.9786585365853658,0.9709923664122138,0.9648854961832061,0.9665653495440729,0.9697884967587542,0.004865157281731903
0.46823782920837403,0.07459958772513263,0.023265600204467773,0.0029053624189223064,0.5,0.05,150,31,10,"{'classifier__l2_regularization': 0.5, 'classifier__learning_rate': 0.05, 'classifier__max_iter': 150, 'classifier__max_leaf_nodes': 31, 'classifier__min_samples_leaf': 10}",0.8625,0.8352941176470589,0.8535031847133758,0.8982035928143712,0.8928571428571429,0.8684716076063899,0.023828994503267028,298,1.0,1.0,1.0,1.0,1.0,1.0,0.0
0.3846005439758301,0.0393673105603542,0.023278474807739258,0.004288128624624657,0.5,0.05,150,31,20,"{'classifier__l2_regularization': 0.5, 'classifier__learning_rate': 0.05, 'classifier__max_iter': 150, 'classifier__max_leaf_nodes': 31, 'classifier__min_samples_leaf': 20}",0.8957055214723927,0.8488372093023255,0.8805031446540881,0.9024390243902439,0.8875,0.88299697996381,0.01861658644541667,2,0.9922958397534669,0.99079754601227,0.9923195084485407,0.9923195084485407,0.9938650306748467,0.9923194866675331,0.0009701101807711573
0.33624982833862305,0.026936904713782024,0.028130769729614258,0.002464021653432673,0.5,0.05,150,31,30,"{'classifier__l2_regularization': 0.5, 'classifier__learning_rate': 0.05, 'classifier__max_iter': 150, 'classifier__max_leaf_nodes': 31, 'classifier__min_samples_leaf': 30}",0.875,0.8470588235294118,0.8758169934640523,0.9024390243902439,0.8902439024390244,0.8781117487645466,0.018537737402776377,52,0.9678407350689127,0.9802130898021308,0.9723926380368099,0.9617151607963247,0.9696048632218845,0.9703532973852125,0.006047560559703174
0.33167166709899903,0.046812647395580144,0.026722145080566407,0.002928694601644079,0.5,0.05,250,7,10,"{'classifier__l2_regularization': 0.5, 'classifier__learning_rate': 0.05, 'classifier__max_iter': 250, 'classifier__max_leaf_nodes': 7, 'classifier__min_samples_leaf': 10}",0.8780487804878049,0.8470588235294118,0.864516129032258,0.8834355828220859,0.8957055214723927,0.8737529674687907,0.016685431860243533,175,0.9709923664122138,0.9801526717557252,0.9648854961832061,0.9665653495440729,0.9678407350689127,0.970087323792826,0.005415548093049226
0.2865009307861328,0.039160817920822856,0.037973451614379886,0.010185705021480074,0.5,0.05,250,7,20,"{'classifier__l2_regularization': 0.5, 'classifier__learning_rate': 0.05, 'classifier__max_iter': 250, 'classifier__max_leaf_nodes': 7, 'classifier__min_samples_leaf': 20}",0.8695652173913043,0.8520710059171598,0.864516129032258,0.8957055214723927,0.896969696969697,0.8757655141565625,0.01774059371547359,125,0.9617151607963247,0.9785932721712538,0.9664634146341463,0.9681335356600911,0.9664634146341463,0.9682737595791926,0.005587162401791157
0.2771019458770752,0.04564509107412483,0.02960071563720703,0.0043105586927904066,0.5,0.05,250,7,30,"{'classifier__l2_regularization': 0.5, 'classifier__learning_rate': 0.05, 'classifier__max_iter': 250, 'classifier__max_leaf_nodes': 7, 'classifier__min_samples_leaf': 30}",0.8607594936708861,0.8383233532934131,0.8831168831168831,0.9012345679012346,0.8888888888888888,0.8744646373742612,0.022331918625633856,155,0.9664634146341463,0.975609756097561,0.9541284403669725,0.9619482496194824,0.9606060606060606,0.9637511842648445,0.007123503292290677
0.49710712432861326,0.11233184294862149,0.02563028335571289,0.0029484495390815608,0.5,0.05,250,15,10,"{'classifier__l2_regularization': 0.5, 'classifier__learning_rate': 0.05, 'classifier__max_iter': 250, 'classifier__max_leaf_nodes': 15, 'classifier__min_samples_leaf': 10}",0.8679245283018868,0.8538011695906432,0.8553459119496856,0.8982035928143712,0.8834355828220859,0.8717421570957347,0.016983721398233252,239,1.0,1.0,1.0,1.0,1.0,1.0,0.0
0.5505379199981689,0.09580688275061719,0.03188943862915039,0.010186317152445917,0.5,0.05,250,15,20,"{'classifier__l2_regularization': 0.5, 'classifier__learning_rate': 0.05, 'classifier__max_iter': 250, 'classifier__max_leaf_nodes': 15, 'classifier__min_samples_leaf': 20}",0.8902439024390244,0.8470588235294118,0.8789808917197452,0.8888888888888888,0.8780487804878049,0.8766442574129751,0.015605202900606501,90,0.9984591679506933,1.0,0.9984639016897081,1.0,1.0,0.9993846139280803,0.0007536924220779072
0.489047908782959,0.10813853458842683,0.028712654113769533,0.005416975336412915,0.5,0.05,250,15,30,"{'classifier__l2_regularization': 0.5, 'classifier__learning_rate': 0.05, 'classifier__max_iter': 250, 'classifier__max_leaf_nodes': 15, 'classifier__min_samples_leaf': 30}",0.8765432098765432,0.8538011695906432,0.8734177215189873,0.9146341463414634,0.8711656441717791,0.8779123782998832,0.01998716396422966,60,0.9953775038520801,0.9969325153374233,0.9922958397534669,0.9938461538461538,0.9953917050691244,0.9947687435716498,0.0015752462319458761
0.8836946487426758,0.20135206805485936,0.032616186141967776,0.010603810947733282,0.5,0.05,250,31,10,"{'classifier__l2_regularization': 0.5, 'classifier__learning_rate': 0.05, 'classifier__max_iter': 250, 'classifier__max_leaf_nodes': 31, 'classifier__min_samples_leaf': 10}",0.8695652173913043,0.8402366863905325,0.8625,0.8928571428571429,0.8982035928143712,0.8726725278906702,0.021092526987210314,206,1.0,1.0,1.0,1.0,1.0,1.0,0.0
0.575190258026123,0.10912121961886265,0.027376747131347655,0.0043464848424389696,0.5,0.05,250,31,20,"{'classifier__l2_regularization': 0.5, 'classifier__learning_rate': 0.05, 'classifier__max_iter': 250, 'classifier__max_leaf_nodes': 31, 'classifier__min_samples_leaf': 20}",0.8727272727272727,0.8488372093023255,0.8607594936708861,0.9090909090909091,0.8888888888888888,0.8760607547360564,0.02117505249588887,119,1.0,1.0,1.0,1.0,1.0,1.0,0.0
0.43436641693115235,0.10987936351803455,0.025591421127319335,0.0022424415541744723,0.5,0.05,250,31,30,"{'classifier__l2_regularization': 0.5, 'classifier__learning_rate': 0.05, 'classifier__max_iter': 250, 'classifier__max_leaf_nodes': 31, 'classifier__min_samples_leaf': 30}",0.8695652173913043,0.8452380952380952,0.8734177215189873,0.9156626506024096,0.8848484848484849,0.8777464339198563,0.022937047559333953,66,0.9938461538461538,0.9969325153374233,0.9938271604938271,0.9938461538461538,0.9938461538461538,0.9944596274739425,0.001236465813701587
0.3524031162261963,0.052883220840076545,0.02971949577331543,0.006451285167441278,0.5,0.05,350,7,10,"{'classifier__l2_regularization': 0.5, 'classifier__learning_rate': 0.05, 'classifier__max_iter': 350, 'classifier__max_leaf_nodes': 7, 'classifier__min_samples_leaf': 10}",0.8641975308641975,0.8520710059171598,0.864516129032258,0.9036144578313253,0.8957055214723927,0.8760209290234666,0.019973171984533536,120,0.9847094801223242,0.9892802450229708,0.9862595419847329,0.9847560975609756,0.9878048780487805,0.9865620485479567,0.001773031088544096
0.3978078365325928,0.10586387625635743,0.033678293228149414,0.006982529947635675,0.5,0.05,350,7,20,"{'classifier__l2_regularization': 0.5, 'classifier__learning_rate': 0.05, 'classifier__max_iter': 350, 'classifier__max_leaf_nodes': 7, 'classifier__min_samples_leaf': 20}",0.8679245283018868,0.8520710059171598,0.8607594936708861,0.8888888888888888,0.9024390243902439,0.8744165882338132,0.018561748503430002,156,0.9815950920245399,0.9907692307692307,0.9785932721712538,0.9786585365853658,0.9815950920245399,0.982242244714986,0.004465536226748242
0.40253462791442873,0.09564724613718953,0.033676862716674805,0.008211555539459358,0.5,0.05,350,7,30,"{'classifier__l2_regularization': 0.5, 'classifier__learning_rate': 0.05, 'classifier__max_iter': 350, 'classifier__max_leaf_nodes': 7, 'classifier__min_samples_leaf': 30}",0.8679245283018868,0.8452380952380952,0.8734177215189873,0.9090909090909091,0.8695652173913043,0.8730472943082367,0.02054749876288667,196,0.9785276073619632,0.9862174578866769,0.9755351681957186,0.9831546707503829,0.975609756097561,0.9798089320584605,0.004237997167730822
0.5927274703979493,0.022448129001938787,0.02863755226135254,0.0027630056174478145,0.5,0.05,350,15,10,"{'classifier__l2_regularization': 0.5, 'classifier__learning_rate': 0.05, 'classifier__max_iter': 350, 'classifier__max_leaf_nodes': 15, 'classifier__min_samples_leaf': 10}",0.8607594936708861,0.8538011695906432,0.8607594936708861,0.8982035928143712,0.8902439024390244,0.8727535304371623,0.017891476212574444,203,1.0,1.0,1.0,1.0,1.0,1.0,0.0
0.6865140914916992,0.16117206251691,0.033951759338378906,0.007965491335056028,0.5,0.05,350,15,20,"{'classifier__l2_regularization': 0.5, 'classifier__learning_rate': 0.05, 'classifier__max_iter': 350, 'classifier__max_leaf_nodes': 15, 'classifier__min_samples_leaf': 20}",0.8674698795180723,0.8421052631578947,0.8734177215189873,0.8888888888888888,0.8902439024390244,0.8724251311045735,0.017512270432873078,213,1.0,1.0,1.0,1.0,1.0,1.0,0.0
0.5940165519714355,0.15991600647689924,0.03141627311706543,0.010534954686154348,0.5,0.05,350,15,30,"{'classifier__l2_regularization': 0.5, 'classifier__learning_rate': 0.05, 'classifier__max_iter': 350, 'classifier__max_leaf_nodes': 15, 'classifier__min_samples_leaf': 30}",0.8765432098765432,0.8470588235294118,0.8819875776397516,0.9036144578313253,0.8780487804878049,0.8774505698729674,0.018055319861399355,76,0.9984591679506933,1.0,1.0,1.0,1.0,0.9996918335901388,0.0006163328197226648
1.3074657440185546,0.292083622744487,0.029897069931030272,0.0030396363308141526,0.5,0.05,350,31,10,"{'classifier__l2_regularization': 0.5, 'classifier__learning_rate': 0.05, 'classifier__max_iter': 350, 'classifier__max_leaf_nodes': 31, 'classifier__min_samples_leaf': 10}",0.8625,0.8538011695906432,0.8625,0.8928571428571429,0.8809523809523809,0.8705221386800334,0.014254421003626073,257,1.0,1.0,1.0,1.0,1.0,1.0,0.0
0.8047720909118652,0.16851098300588246,0.02983121871948242,0.004347233907321744,0.5,0.05,350,31,20,"{'classifier__l2_regularization': 0.5, 'classifier__learning_rate': 0.05, 'classifier__max_iter': 350, 'classifier__max_leaf_nodes': 31, 'classifier__min_samples_leaf': 20}",0.8658536585365854,0.8554913294797688,0.8679245283018868,0.9090909090909091,0.8944099378881988,0.8785540726594698,0.019950361883973557,45,1.0,1.0,1.0,1.0,1.0,1.0,0.0
0.5968038082122803,0.062269977122585134,0.0337639331817627,0.00667985673948266,0.5,0.05,350,31,30,"{'classifier__l2_regularization': 0.5, 'classifier__learning_rate': 0.05, 'classifier__max_iter': 350, 'classifier__max_leaf_nodes': 31, 'classifier__min_samples_leaf': 30}",0.8711656441717791,0.8352941176470589,0.8765432098765432,0.9156626506024096,0.8711656441717791,0.8739662532939139,0.025520388524218864,171,1.0,1.0,1.0,1.0,1.0,1.0,0.0
0.24770870208740234,0.07086616446852416,0.024677753448486328,0.007188628155323935,0.5,0.08,150,7,10,"{'classifier__l2_regularization': 0.5, 'classifier__learning_rate': 0.08, 'classifier__max_iter': 150, 'classifier__max_leaf_nodes': 7, 'classifier__min_samples_leaf': 10}",0.8625,0.8538011695906432,0.8774193548387097,0.8888888888888888,0.875,0.8715218826636484,0.012197609783076413,244,0.9618320610687023,0.9785932721712538,0.9602446483180428,0.9665653495440729,0.9663608562691132,0.966719237474237,0.006433500082062911
0.2230388641357422,0.05356734989879673,0.027692556381225586,0.00874707549871727,0.5,0.08,150,7,20,"{'classifier__l2_regularization': 0.5, 'classifier__learning_rate': 0.08, 'classifier__max_iter': 150, 'classifier__max_leaf_nodes': 7, 'classifier__min_samples_leaf': 20}",0.8695652173913043,0.8520710059171598,0.8717948717948718,0.8819875776397516,0.896969696969697,0.8744776739425568,0.01480323060771843,154,0.9586523736600306,0.9785932721712538,0.9618320610687023,0.9635258358662614,0.9617151607963247,0.9648637407125145,0.007042382282525716
0.17015447616577148,0.02654814773472588,0.025994873046875,0.008135258736335069,0.5,0.08,150,7,30,"{'classifier__l2_regularization': 0.5, 'classifier__learning_rate': 0.08, 'classifier__max_iter': 150, 'classifier__max_leaf_nodes': 7, 'classifier__min_samples_leaf': 30}",0.8607594936708861,0.8383233532934131,0.8774193548387097,0.9212121212121213,0.9024390243902439,0.8800306694810749,0.029379393258738385,26,0.9635258358662614,0.9756838905775076,0.9571865443425076,0.9620637329286799,0.9558599695585996,0.9628639946547113,0.0070244998923096255
0.3305662155151367,0.048646847389446406,0.02472400665283203,0.004203915039934873,0.5,0.08,150,15,10,"{'classifier__l2_regularization': 0.5, 'classifier__learning_rate': 0.08, 'classifier__max_iter': 150, 'classifier__max_leaf_nodes': 15, 'classifier__min_samples_leaf': 10}",0.875,0.8538011695906432,0.875,0.8994082840236687,0.8848484848484849,0.8776115876925594,0.014886540512395402,72,1.0,1.0,1.0,1.0,1.0,1.0,0.0
0.28846077919006347,0.056790581979113866,0.023842525482177735,0.004569371207835992,0.5,0.08,150,15,20,"{'classifier__l2_regularization': 0.5, 'classifier__learning_rate': 0.08, 'classifier__max_iter': 150, 'classifier__max_leaf_nodes': 15, 'classifier__min_samples_leaf': 20}",0.8795180722891566,0.8402366863905325,0.8734177215189873,0.8834355828220859,0.8902439024390244,0.8733703930919574,0.017445125859430026,188,0.9984591679506933,0.9984639016897081,0.9984639016897081,0.9984591679506933,1.0,0.9987692278561606,0.0006153897132466407
0.3099233627319336,0.02540037741348941,0.02587432861328125,0.002734588650356441,0.5,0.08,150,15,30,"{'classifier__l2_regularization': 0.5, 'classifier__learning_rate': 0.08, 'classifier__max_iter': 150, 'classifier__max_leaf_nodes': 15, 'classifier__min_samples_leaf': 30}",0.875,0.8352941176470589,0.8662420382165605,0.9079754601226994,0.8780487804878049,0.8725120792948248,0.023319460858330948,210,0.9907692307692307,0.9953917050691244,0.9938271604938271,0.9923195084485407,0.9953917050691244,0.9935398619699696,0.001794817324262123
0.5293326854705811,0.06119558848145597,0.02411065101623535,0.003825995880695843,0.5,0.08,150,31,10,"{'classifier__l2_regularization': 0.5, 'classifier__learning_rate': 0.08, 'classifier__max_iter': 150, 'classifier__max_leaf_nodes': 31, 'classifier__min_samples_leaf': 10}",0.8765432098765432,0.8488372093023255,0.8427672955974843,0.8809523809523809,0.8780487804878049,0.8654297752433079,0.016202470422194262,321,1.0,1.0,1.0,1.0,1.0,1.0,0.0
0.3802767753601074,0.052922723315494954,0.023301029205322267,0.0036029932062042846,0.5,0.08,150,31,20,"{'classifier__l2_regularization': 0.5, 'classifier__learning_rate': 0.08, 'classifier__max_iter': 150, 'classifier__max_leaf_nodes': 31, 'classifier__min_samples_leaf': 20}",0.8780487804878049,0.8352941176470589,0.8625,0.8957055214723927,0.8834355828220859,0.8709968004858686,0.02079351726442976,250,1.0,1.0,1.0,1.0,1.0,1.0,0.0
0.3039118766784668,0.07341555876492364,0.025439929962158204,0.008131016342950872,0.5,0.08,150,31,30,"{'classifier__l2_regularization': 0.5, 'classifier__learning_rate': 0.08, 'classifier__max_iter': 150, 'classifier__max_leaf_nodes': 31, 'classifier__min_samples_leaf': 30}",0.8679245283018868,0.8421052631578947,0.875,0.896969696969697,0.8780487804878049,0.8720096537834567,0.017772888378602497,228,0.9923195084485407,0.9953917050691244,0.9922958397534669,0.9923195084485407,0.9938461538461538,0.9932345431131653,0.0012315158354956474
0.2959330081939697,0.02990356098482585,0.026806640625,0.0031799037580276745,0.5,0.08,250,7,10,"{'classifier__l2_regularization': 0.5, 'classifier__learning_rate': 0.08, 'classifier__max_iter': 250, 'classifier__max_leaf_nodes': 7, 'classifier__min_samples_leaf': 10}",0.8765432098765432,0.8520710059171598,0.8846153846153846,0.8902439024390244,0.8780487804878049,0.8763044566671834,0.013067053805095276,111,0.9907692307692307,0.9938461538461538,0.9892802450229708,0.9862174578866769,0.9878048780487805,0.9895835931147626,0.0026138811893808836
0.30388650894165037,0.06361638285565338,0.029995250701904296,0.006254483159589565,0.5,0.08,250,7,20,"{'classifier__l2_regularization': 0.5, 'classifier__learning_rate': 0.08, 'classifier__max_iter': 250, 'classifier__max_leaf_nodes': 7, 'classifier__min_samples_leaf': 20}",0.8805031446540881,0.8520710059171598,0.8607594936708861,0.8888888888888888,0.8848484848484849,0.8734142035959016,0.014395384874651671,187,0.9876923076923076,0.9923195084485407,0.9831546707503829,0.9846625766871165,0.99079754601227,0.9877253219181237,0.003487619851625219
0.2801540374755859,0.04403747537058514,0.031175708770751952,0.007227228437638234,0.5,0.08,250,7,30,"{'classifier__l2_regularization': 0.5, 'classifier__learning_rate': 0.08, 'classifier__max_iter': 250, 'classifier__max_leaf_nodes': 7, 'classifier__min_samples_leaf': 30}",0.8607594936708861,0.8452380952380952,0.8789808917197452,0.9146341463414634,0.8957055214723927,0.8790636296885165,0.02458222625753757,38,0.9846153846153847,0.9877300613496932,0.981651376146789,0.9831546707503829,0.983206106870229,0.9840715199464958,0.002055595399353727
0.5891044616699219,0.14799526121416925,0.031919002532958984,0.006040501611058675,0.5,0.08,250,15,10,"{'classifier__l2_regularization': 0.5, 'classifier__learning_rate': 0.08, 'classifier__max_iter': 250, 'classifier__max_leaf_nodes': 15, 'classifier__min_samples_leaf': 10}",0.8819875776397516,0.8538011695906432,0.8625,0.8928571428571429,0.8848484848484849,0.8751988749872046,0.014629689679038257,136,1.0,1.0,1.0,1.0,1.0,1.0,0.0
0.4767763137817383,0.10044008148925054,0.030399227142333986,0.006611558027651118,0.5,0.08,250,15,20,"{'classifier__l2_regularization': 0.5, 'classifier__learning_rate': 0.08, 'classifier__max_iter': 250, 'classifier__max_leaf_nodes': 15, 'classifier__min_samples_leaf': 20}",0.8780487804878049,0.8470588235294118,0.8607594936708861,0.9090909090909091,0.8780487804878049,0.8746013574533634,0.020801379719818627,151,1.0,1.0,1.0,1.0,1.0,1.0,0.0
0.4430685997009277,0.09244136816808517,0.027086782455444335,0.006193990756447697,0.5,0.08,250,15,30,"{'classifier__l2_regularization': 0.5, 'classifier__learning_rate': 0.08, 'classifier__max_iter': 250, 'classifier__max_leaf_nodes': 15, 'classifier__min_samples_leaf': 30}",0.8679245283018868,0.8421052631578947,0.8695652173913043,0.9146341463414634,0.891566265060241,0.8771590840505581,0.024428104094430952,81,1.0,1.0,1.0,1.0,1.0,1.0,0.0
0.9181716918945313,0.14086148890313135,0.030220651626586915,0.006733785152157729,0.5,0.08,250,31,10,"{'classifier__l2_regularization': 0.5, 'classifier__learning_rate': 0.08, 'classifier__max_iter': 250, 'classifier__max_leaf_nodes': 31, 'classifier__min_samples_leaf': 10}",0.8711656441717791,0.8470588235294118,0.8427672955974843,0.8862275449101796,0.8809523809523809,0.8656343378322472,0.017648055557414267,320,1.0,1.0,1.0,1.0,1.0,1.0,0.0
0.5125053405761719,0.08932037655000856,0.024857425689697267,0.0028397926988982056,0.5,0.08,250,31,20,"{'classifier__l2_regularization': 0.5, 'classifier__learning_rate': 0.08, 'classifier__max_iter': 250, 'classifier__max_leaf_nodes': 31, 'classifier__min_samples_leaf': 20}",0.8795180722891566,0.8402366863905325,0.8607594936708861,0.9024390243902439,0.8765432098765432,0.8718992973234725,0.020682856386873172,235,1.0,1.0,1.0,1.0,1.0,1.0,0.0
0.4642502784729004,0.1152644827109762,0.026579666137695312,0.0035745324461871307,0.5,0.08,250,31,30,"{'classifier__l2_regularization': 0.5, 'classifier__learning_rate': 0.08, 'classifier__max_iter': 250, 'classifier__max_leaf_nodes': 31, 'classifier__min_samples_leaf': 30}",0.8780487804878049,0.8421052631578947,0.8819875776397516,0.9090909090909091,0.8711656441717791,0.876479634909628,0.021476176501318042,97,1.0,1.0,1.0,1.0,1.0,1.0,0.0
0.4597755432128906,0.09152780782121941,0.03162174224853516,0.008474256605730358,0.5,0.08,350,7,10,"{'classifier__l2_regularization': 0.5, 'classifier__learning_rate': 0.08, 'classifier__max_iter': 350, 'classifier__max_leaf_nodes': 7, 'classifier__min_samples_leaf': 10}",0.8834355828220859,0.8520710059171598,0.8679245283018868,0.8982035928143712,0.8765432098765432,0.8756355839464096,0.015399535761856764,130,0.9953775038520801,1.0,0.9984639016897081,0.9969230769230769,0.9984639016897081,0.9978456768309147,0.0015715330548422726
0.32558541297912597,0.03497603547219139,0.02841815948486328,0.006264796388168741,0.5,0.08,350,7,20,"{'classifier__l2_regularization': 0.5, 'classifier__learning_rate': 0.08, 'classifier__max_iter': 350, 'classifier__max_leaf_nodes': 7, 'classifier__min_samples_leaf': 20}",0.8607594936708861,0.8452380952380952,0.8553459119496856,0.8819875776397516,0.8780487804878049,0.8642759717972448,0.013841557512958229,323,0.9953775038520801,1.0,0.9969325153374233,0.9953917050691244,0.9984639016897081,0.9972331251896671,0.0017941533881595155
0.35341033935546873,0.033448881567134686,0.034476423263549806,0.005742939573761731,0.5,0.08,350,7,30,"{'classifier__l2_regularization': 0.5, 'classifier__learning_rate': 0.08, 'classifier__max_iter': 350, 'classifier__max_leaf_nodes': 7, 'classifier__min_samples_leaf': 30}",0.8679245283018868,0.8352941176470589,0.8679245283018868,0.9079754601226994,0.8848484848484849,0.8727934238444034,0.023818943827926282,201,0.9938271604938271,0.9969325153374233,0.9938461538461538,0.9907692307692307,0.9953917050691244,0.9941533531031519,0.002045009305057116
0.7149998188018799,0.14719279396328433,0.03675374984741211,0.012199741471968681,0.5,0.08,350,15,10,"{'classifier__l2_regularization': 0.5, 'classifier__learning_rate': 0.08, 'classifier__max_iter': 350, 'classifier__max_leaf_nodes': 15, 'classifier__min_samples_leaf': 10}",0.8695652173913043,0.8470588235294118,0.8679245283018868,0.8928571428571429,0.891566265060241,0.8737943954279974,0.017007996833616458,174,1.0,1.0,1.0,1.0,1.0,1.0,0.0
0.6244556427001953,0.10723921993289146,0.03171749114990234,0.008548407126444623,0.5,0.08,350,15,20,"{'classifier__l2_regularization': 0.5, 'classifier__learning_rate': 0.08, 'classifier__max_iter': 350, 'classifier__max_leaf_nodes': 15, 'classifier__min_samples_leaf': 20}",0.8658536585365854,0.8470588235294118,0.8734177215189873,0.9090909090909091,0.8727272727272727,0.8736296770806333,0.0201237916770251,179,1.0,1.0,1.0,1.0,1.0,1.0,0.0
0.6908462047576904,0.09633644438507905,0.037201309204101564,0.006551419932113996,0.5,0.08,350,15,30,"{'classifier__l2_regularization': 0.5, 'classifier__learning_rate': 0.08, 'classifier__max_iter': 350, 'classifier__max_leaf_nodes': 15, 'classifier__min_samples_leaf': 30}",0.8679245283018868,0.8284023668639053,0.8641975308641975,0.9090909090909091,0.8727272727272727,0.8684685215696343,0.025659888435205617,299,1.0,1.0,1.0,1.0,1.0,1.0,0.0
1.2866858005523683,0.17056613059948908,0.038105106353759764,0.009262788382695931,0.5,0.08,350,31,10,"{'classifier__l2_regularization': 0.5, 'classifier__learning_rate': 0.08, 'classifier__max_iter': 350, 'classifier__max_leaf_nodes': 31, 'classifier__min_samples_leaf': 10}",0.8834355828220859,0.8402366863905325,0.8375,0.8875739644970414,0.8862275449101796,0.8669947557239679,0.02302016376547609,316,1.0,1.0,1.0,1.0,1.0,1.0,0.0
0.6765504837036133,0.09797710553923304,0.03117971420288086,0.003932679020645925,0.5,0.08,350,31,20,"{'classifier__l2_regularization': 0.5, 'classifier__learning_rate': 0.08, 'classifier__max_iter': 350, 'classifier__max_leaf_nodes': 31, 'classifier__min_samples_leaf': 20}",0.8658536585365854,0.8402366863905325,0.8535031847133758,0.8902439024390244,0.8834355828220859,0.8666546029803207,0.0184908840501541,317,1.0,1.0,1.0,1.0,1.0,1.0,0.0
0.6551518917083741,0.10554509341775926,0.03317832946777344,0.01223061156132667,0.5,0.08,350,31,30,"{'classifier__l2_regularization': 0.5, 'classifier__learning_rate': 0.08, 'classifier__max_iter': 350, 'classifier__max_leaf_nodes': 31, 'classifier__min_samples_leaf': 30}",0.8765432098765432,0.8470588235294118,0.8695652173913043,0.896969696969697,0.8711656441717791,0.8722605183877471,0.015952891733637262,221,1.0,1.0,1.0,1.0,1.0,1.0,0.0
0.25916233062744143,0.09814591196939695,0.03191795349121094,0.012434909884309354,1.0,0.02,150,7,10,"{'classifier__l2_regularization': 1.0, 'classifier__learning_rate': 0.02, 'classifier__max_iter': 150, 'classifier__max_leaf_nodes': 7, 'classifier__min_samples_leaf': 10}",0.8674698795180723,0.8342857142857143,0.8819875776397516,0.9090909090909091,0.8674698795180723,0.8720607920105039,0.024244092460052102,224,0.9198184568835098,0.9214501510574018,0.9074355083459787,0.9141104294478528,0.9082706766917293,0.9142170444852946,0.005745494594023137
0.20159626007080078,0.05272492356625167,0.020127201080322267,0.0021588521610122037,1.0,0.02,150,7,20,"{'classifier__l2_regularization': 1.0, 'classifier__learning_rate': 0.02, 'classifier__max_iter': 150, 'classifier__max_leaf_nodes': 7, 'classifier__min_samples_leaf': 20}",0.8727272727272727,0.8248587570621468,0.8805031446540881,0.9090909090909091,0.874251497005988,0.8722863161080809,0.02711281642228705,220,0.918429003021148,0.9214501510574018,0.9118541033434651,0.9121212121212121,0.9066265060240963,0.9140961951134647,0.0052455253465571415
0.17501144409179686,0.02423939780523973,0.01975140571594238,0.001764215245778785,1.0,0.02,150,7,30,"{'classifier__l2_regularization': 1.0, 'classifier__learning_rate': 0.02, 'classifier__max_iter': 150, 'classifier__max_leaf_nodes': 7, 'classifier__min_samples_leaf': 30}",0.8727272727272727,0.8228571428571428,0.8860759493670886,0.9090909090909091,0.8727272727272727,0.8726957093539373,0.028240134878049286,204,0.9209726443768997,0.9172932330827067,0.9090909090909091,0.9038167938931297,0.905829596412556,0.9114006353712403,0.006636746587416846
0.3149718284606934,0.05593170596980212,0.02528672218322754,0.005131255383706741,1.0,0.02,150,15,10,"{'classifier__l2_regularization': 1.0, 'classifier__learning_rate': 0.02, 'classifier__max_iter': 150, 'classifier__max_leaf_nodes': 15, 'classifier__min_samples_leaf': 10}",0.8571428571428571,0.8323699421965318,0.8789808917197452,0.9024390243902439,0.8834355828220859,0.8708736596542929,0.0240456755863727,253,0.9438543247344461,0.9473684210526315,0.939209726443769,0.9438543247344461,0.9468892261001517,0.9442352046130889,0.0029122652731175475
0.3063758373260498,0.041291835600594164,0.02352585792541504,0.0026104861389574783,1.0,0.02,150,15,20,"{'classifier__l2_regularization': 1.0, 'classifier__learning_rate': 0.02, 'classifier__max_iter': 150, 'classifier__max_leaf_nodes': 15, 'classifier__min_samples_leaf': 20}",0.8571428571428571,0.8372093023255814,0.8774193548387097,0.9079754601226994,0.8727272727272727,0.8704948494314241,0.02342619051791194,258,0.9331306990881459,0.9417040358744395,0.9258698940998488,0.9209726443768997,0.9321266968325792,0.9307607940543827,0.007028021887769723
0.2583910465240479,0.084071604466235,0.023225975036621094,0.00464310592312373,1.0,0.02,150,15,30,"{'classifier__l2_regularization': 1.0, 'classifier__learning_rate': 0.02, 'classifier__max_iter': 150, 'classifier__max_leaf_nodes': 15, 'classifier__min_samples_leaf': 30}",0.8765432098765432,0.8228571428571428,0.8846153846153846,0.9024390243902439,0.8834355828220859,0.8739780689122801,0.026953857127846006,169,0.9282442748091603,0.9291101055806938,0.91324200913242,0.9115853658536586,0.9175412293853074,0.9199445969522481,0.007395523032897513
0.503833818435669,0.06850278636625101,0.024876499176025392,0.006541193629043638,1.0,0.02,150,31,10,"{'classifier__l2_regularization': 1.0, 'classifier__learning_rate': 0.02, 'classifier__max_iter': 150, 'classifier__max_leaf_nodes': 31, 'classifier__min_samples_leaf': 10}",0.8571428571428571,0.8323699421965318,0.8407643312101911,0.9024390243902439,0.8834355828220859,0.8632303475523819,0.026228671030690855,324,0.9619482496194824,0.9577039274924471,0.9601226993865031,0.958904109589041,0.9617151607963247,0.9600788293767597,0.0016244606905727868
0.3232980251312256,0.03839326797352661,0.027030420303344727,0.005698075140209381,1.0,0.02,150,31,20,"{'classifier__l2_regularization': 1.0, 'classifier__learning_rate': 0.02, 'classifier__max_iter': 150, 'classifier__max_leaf_nodes': 31, 'classifier__min_samples_leaf': 20}",0.8571428571428571,0.8372093023255814,0.8774193548387097,0.9024390243902439,0.8834355828220859,0.8715292243038956,0.022435219441532678,243,0.9347496206373292,0.9417040358744395,0.9303030303030303,0.9237804878048781,0.9307228915662651,0.9322520132371885,0.0058903695193553525
0.26825861930847167,0.05351440341625032,0.02514495849609375,0.005107070800141469,1.0,0.02,150,31,30,"{'classifier__l2_regularization': 1.0, 'classifier__learning_rate': 0.02, 'classifier__max_iter': 150, 'classifier__max_leaf_nodes': 31, 'classifier__min_samples_leaf': 30}",0.8765432098765432,0.8228571428571428,0.8846153846153846,0.9024390243902439,0.8834355828220859,0.8739780689122801,0.026953857127846006,169,0.9282442748091603,0.9291101055806938,0.91324200913242,0.9115853658536586,0.9175412293853074,0.9199445969522481,0.007395523032897513
0.3145172119140625,0.03726477322767183,0.027660846710205078,0.006705477709302469,1.0,0.02,250,7,10,"{'classifier__l2_regularization': 1.0, 'classifier__learning_rate': 0.02, 'classifier__max_iter': 250, 'classifier__max_leaf_nodes': 7, 'classifier__min_samples_leaf': 10}",0.8711656441717791,0.8390804597701149,0.8860759493670886,0.8888888888888888,0.8957055214723927,0.8761832927340528,0.02020995425460116,112,0.9300911854103343,0.947209653092006,0.9188361408882083,0.926605504587156,0.9258698940998488,0.9297224756155107,0.009476365332009275
0.3116419315338135,0.03996792878182968,0.025711584091186523,0.004030362939685498,1.0,0.02,250,7,20,"{'classifier__l2_regularization': 1.0, 'classifier__learning_rate': 0.02, 'classifier__max_iter': 250, 'classifier__max_leaf_nodes': 7, 'classifier__min_samples_leaf': 20}",0.8902439024390244,0.8323699421965318,0.8789808917197452,0.8957055214723927,0.8780487804878049,0.8750698076630998,0.02237648410782742,142,0.928462709284627,0.9457831325301205,0.9190839694656489,0.9221374045801527,0.9226100151745068,0.9276154462070112,0.00957739062931801
0.3054187774658203,0.04774982547649498,0.025075674057006836,0.00389528306348624,1.0,0.02,250,7,30,"{'classifier__l2_regularization': 1.0, 'classifier__learning_rate': 0.02, 'classifier__max_iter': 250, 'classifier__max_leaf_nodes': 7, 'classifier__min_samples_leaf': 30}",0.8848484848484849,0.8255813953488372,0.8846153846153846,0.9079754601226994,0.8902439024390244,0.8786529254748862,0.027873589542896725,43,0.9300911854103343,0.9397590361445783,0.9218989280245024,0.916030534351145,0.9167927382753404,0.9249144844411801,0.008957006851461476
0.566289234161377,0.058755364087536226,0.02739372253417969,0.005125568798959738,1.0,0.02,250,15,10,"{'classifier__l2_regularization': 1.0, 'classifier__learning_rate': 0.02, 'classifier__max_iter': 250, 'classifier__max_leaf_nodes': 15, 'classifier__min_samples_leaf': 10}",0.8695652173913043,0.8304093567251462,0.89171974522293,0.8902439024390244,0.8944099378881988,0.8752696319333207,0.024108799030584813,133,0.9635258358662614,0.9725609756097561,0.9631901840490797,0.9648854961832061,0.9694189602446484,0.9667162903905904,0.003672301814513955
0.4509404182434082,0.062381209972217654,0.028639507293701173,0.006101842161703134,1.0,0.02,250,15,20,"{'classifier__l2_regularization': 1.0, 'classifier__learning_rate': 0.02, 'classifier__max_iter': 250, 'classifier__max_leaf_nodes': 15, 'classifier__min_samples_leaf': 20}",0.8957055214723927,0.8372093023255814,0.89171974522293,0.9012345679012346,0.8875,0.8826738273844278,0.023179602023405105,3,0.952959028831563,0.9637462235649547,0.9497716894977168,0.9528158295281582,0.9618320610687023,0.956224966498219,0.00551257045586888
0.4600649356842041,0.10488031244152013,0.033449554443359376,0.00950163656455248,1.0,0.02,250,15,30,"{'classifier__l2_regularization': 1.0, 'classifier__learning_rate': 0.02, 'classifier__max_iter': 250, 'classifier__max_leaf_nodes': 15, 'classifier__min_samples_leaf': 30}",0.8765432098765432,0.8255813953488372,0.8860759493670886,0.9024390243902439,0.8848484848484849,0.8750976127662395,0.026142309419069577,140,0.9454545454545454,0.9518072289156626,0.9420731707317073,0.9422492401215805,0.9438543247344461,0.9450877019915884,0.0035763696725142273
0.7712270259857178,0.11414337884004493,0.03092641830444336,0.006410051983354843,1.0,0.02,250,31,10,"{'classifier__l2_regularization': 1.0, 'classifier__learning_rate': 0.02, 'classifier__max_iter': 250, 'classifier__max_leaf_nodes': 31, 'classifier__min_samples_leaf': 10}",0.8780487804878049,0.8323699421965318,0.8427672955974843,0.9101796407185628,0.8888888888888888,0.8704509095778544,0.028957214511069942,261,0.9861325115562404,0.9877300613496932,0.9892141756548536,0.9923195084485407,0.989247311827957,0.988928713767457,0.0020462647046362004
0.48512067794799807,0.06859285233147336,0.024308538436889647,0.0011850188611145967,1.0,0.02,250,31,20,"{'classifier__l2_regularization': 1.0, 'classifier__learning_rate': 0.02, 'classifier__max_iter': 250, 'classifier__max_leaf_nodes': 31, 'classifier__min_samples_leaf': 20}",0.8888888888888888,0.8304093567251462,0.8805031446540881,0.9012345679012346,0.8944099378881988,0.8790891792115113,0.025270150818647395,37,0.9601226993865031,0.9696969696969697,0.9539877300613497,0.9558599695585996,0.9648854961832061,0.9609105729773256,0.005780240056178622
0.4419283390045166,0.08843048295264593,0.023585987091064454,0.0021651037167740627,1.0,0.02,250,31,30,"{'classifier__l2_regularization': 1.0, 'classifier__learning_rate': 0.02, 'classifier__max_iter': 250, 'classifier__max_leaf_nodes': 31, 'classifier__min_samples_leaf': 30}",0.8765432098765432,0.8255813953488372,0.8860759493670886,0.9012345679012346,0.8848484848484849,0.8748567214684376,0.025893625469835573,146,0.9438543247344461,0.9518072289156626,0.9435114503816794,0.9422492401215805,0.9438543247344461,0.945055313777563,0.0034272633672777653
0.39645609855651853,0.06047427098392142,0.03002505302429199,0.007939306537459993,1.0,0.02,350,7,10,"{'classifier__l2_regularization': 1.0, 'classifier__learning_rate': 0.02, 'classifier__max_iter': 350, 'classifier__max_leaf_nodes': 7, 'classifier__min_samples_leaf': 10}",0.8695652173913043,0.8421052631578947,0.8789808917197452,0.8819875776397516,0.8780487804878049,0.8701375460793,0.014610626857730685,268,0.9393939393939394,0.9591527987897126,0.9357798165137615,0.9433384379785605,0.9390243902439024,0.9433378765839752,0.008263133082294998
0.4302987575531006,0.053642866439285244,0.040214252471923825,0.00866887378137999,1.0,0.02,350,7,20,"{'classifier__l2_regularization': 1.0, 'classifier__learning_rate': 0.02, 'classifier__max_iter': 350, 'classifier__max_leaf_nodes': 7, 'classifier__min_samples_leaf': 20}",0.8695652173913043,0.8284023668639053,0.8717948717948718,0.8888888888888888,0.8848484848484849,0.868699965957491,0.021459687166387274,294,0.9347496206373292,0.9515151515151515,0.9310872894333844,0.9402756508422665,0.9361702127659575,0.9387595850388177,0.0070235562897775945
0.447799825668335,0.08890087507555756,0.027764320373535156,0.0023764903951438115,1.0,0.02,350,7,30,"{'classifier__l2_regularization': 1.0, 'classifier__learning_rate': 0.02, 'classifier__max_iter': 350, 'classifier__max_leaf_nodes': 7, 'classifier__min_samples_leaf': 30}",0.8625,0.8165680473372781,0.8774193548387097,0.9079754601226994,0.8902439024390244,0.8709413529475423,0.031028344532721297,252,0.9361702127659575,0.9518072289156626,0.928462709284627,0.9374045801526718,0.9337349397590361,0.9375159341755911,0.007775876424979417
0.7617619514465332,0.14701566524657353,0.03962187767028809,0.007031207047142312,1.0,0.02,350,15,10,"{'classifier__l2_regularization': 1.0, 'classifier__learning_rate': 0.02, 'classifier__max_iter': 350, 'classifier__max_leaf_nodes': 15, 'classifier__min_samples_leaf': 10}",0.8819875776397516,0.8421052631578947,0.8734177215189873,0.9090909090909091,0.8888888888888888,0.8790980720592863,0.021929495673961144,36,0.9785932721712538,0.9817073170731707,0.9785932721712538,0.9831546707503829,0.9861751152073732,0.9816447294746868,0.0028785766656392016
0.5539325714111328,0.05442056999932249,0.026975440979003906,0.0006680742554394492,1.0,0.02,350,15,20,"{'classifier__l2_regularization': 1.0, 'classifier__learning_rate': 0.02, 'classifier__max_iter': 350, 'classifier__max_leaf_nodes': 15, 'classifier__min_samples_leaf': 20}",0.8957055214723927,0.8352941176470589,0.8679245283018868,0.8957055214723927,0.8957055214723927,0.8780670420732248,0.023940515934761694,55,0.9738863287250384,0.9831546707503829,0.9724770642201835,0.9740458015267176,0.975609756097561,0.9758347242639767,0.003792165554019833
0.6611772060394288,0.12900470231763422,0.03973245620727539,0.006457267888620926,1.0,0.02,350,15,30,"{'classifier__l2_regularization': 1.0, 'classifier__learning_rate': 0.02, 'classifier__max_iter': 350, 'classifier__max_leaf_nodes': 15, 'classifier__min_samples_leaf': 30}",0.8834355828220859,0.8352941176470589,0.8846153846153846,0.9079754601226994,0.8902439024390244,0.8803128895292506,0.02416110646638425,21,0.9603658536585366,0.9711684370257967,0.9573170731707317,0.9542682926829268,0.9559939301972686,0.9598227173470522,0.006013482339004984
1.2318576335906983,0.1868106156511952,0.034621667861938474,0.007965542813224985,1.0,0.02,350,31,10,"{'classifier__l2_regularization': 1.0, 'classifier__learning_rate': 0.02, 'classifier__max_iter': 350, 'classifier__max_leaf_nodes': 31, 'classifier__min_samples_leaf': 10}",0.8765432098765432,0.8372093023255814,0.8607594936708861,0.8994082840236687,0.8944099378881988,0.8736660455569757,0.022790011818669114,178,0.9984591679506933,1.0,0.9984639016897081,0.9984591679506933,1.0,0.9990764475182189,0.0007540794247561879
0.6240187168121338,0.029439099827965817,0.03134574890136719,0.005279318517650508,1.0,0.02,350,31,20,"{'classifier__l2_regularization': 1.0, 'classifier__learning_rate': 0.02, 'classifier__max_iter': 350, 'classifier__max_leaf_nodes': 31, 'classifier__min_samples_leaf': 20}",0.8819875776397516,0.8352941176470589,0.875,0.9079754601226994,0.8888888888888888,0.8778292088596796,0.02394010620573912,63,0.9800307219662059,0.9892802450229708,0.9831029185867896,0.981651376146789,0.9800918836140888,0.9828314290673689,0.0034176754743785475
0.5448758125305175,0.10500048962416005,0.02779555320739746,0.0037774923563246438,1.0,0.02,350,31,30,"{'classifier__l2_regularization': 1.0, 'classifier__learning_rate': 0.02, 'classifier__max_iter': 350, 'classifier__max_leaf_nodes': 31, 'classifier__min_samples_leaf': 30}",0.8765432098765432,0.8421052631578947,0.8846153846153846,0.8957055214723927,0.8902439024390244,0.877842656312248,0.01896097326828235,62,0.9603658536585366,0.9711684370257967,0.9557251908396946,0.9544072948328267,0.9590288315629742,0.9601391215839659,0.005920583974576455
0.22423014640808106,0.040358140016944585,0.021996021270751953,0.001993644730745714,1.0,0.03,150,7,10,"{'classifier__l2_regularization': 1.0, 'classifier__learning_rate': 0.03, 'classifier__max_iter': 150, 'classifier__max_leaf_nodes': 7, 'classifier__min_samples_leaf': 10}",0.8711656441717791,0.8390804597701149,0.8860759493670886,0.9012345679012346,0.8848484848484849,0.8764810212117403,0.02098509183660273,95,0.9272727272727272,0.9365558912386707,0.9157733537519143,0.9282442748091603,0.9198184568835098,0.9255329407911963,0.00720816885532368
0.16997833251953126,0.011879462247395303,0.027937698364257812,0.007587289981745782,1.0,0.03,150,7,20,"{'classifier__l2_regularization': 1.0, 'classifier__learning_rate': 0.03, 'classifier__max_iter': 150, 'classifier__max_leaf_nodes': 7, 'classifier__min_samples_leaf': 20}",0.8902439024390244,0.8390804597701149,0.8789808917197452,0.9024390243902439,0.8848484848484849,0.8791185526335227,0.021464005987256517,35,0.9303030303030303,0.9429429429429429,0.9176829268292683,0.9193302891933028,0.9110105580693816,0.9242539494675853,0.011213189027315506
0.2008610725402832,0.020053581559310727,0.020508575439453124,0.001943764813099782,1.0,0.03,150,7,30,"{'classifier__l2_regularization': 1.0, 'classifier__learning_rate': 0.03, 'classifier__max_iter': 150, 'classifier__max_leaf_nodes': 7, 'classifier__min_samples_leaf': 30}",0.8848484848484849,0.8187134502923976,0.8846153846153846,0.9090909090909091,0.8834355828220859,0.8761407623338524,0.030280245705014416,114,0.9303030303030303,0.9367469879518072,0.9204892966360856,0.9071537290715372,0.9069069069069069,0.9203199901738734,0.012023287778608756
0.320742130279541,0.03366306931660687,0.025394582748413087,0.008459530172547707,1.0,0.03,150,15,10,"{'classifier__l2_regularization': 1.0, 'classifier__learning_rate': 0.03, 'classifier__max_iter': 150, 'classifier__max_leaf_nodes': 15, 'classifier__min_samples_leaf': 10}",0.8625,0.8421052631578947,0.8717948717948718,0.8957055214723927,0.8888888888888888,0.8721989090628096,0.01913622669463461,222,0.9604863221884499,0.9696048632218845,0.9557251908396946,0.9635258358662614,0.9619482496194824,0.9622580923471545,0.004505467568041256
0.29306440353393554,0.04566487041087844,0.026119041442871093,0.003855739892803594,1.0,0.03,150,15,20,"{'classifier__l2_regularization': 1.0, 'classifier__learning_rate': 0.03, 'classifier__max_iter': 150, 'classifier__max_leaf_nodes': 15, 'classifier__min_samples_leaf': 20}",0.8957055214723927,0.8439306358381503,0.8846153846153846,0.8944099378881988,0.8875,0.8812322959628253,0.019106374612414632,15,0.9467275494672754,0.9578313253012049,0.9422492401215805,0.9451219512195121,0.9587786259541985,0.9501417384127542,0.00682454470006071
0.24256529808044433,0.038864187905752946,0.023826980590820314,0.003666269814380995,1.0,0.03,150,15,30,"{'classifier__l2_regularization': 1.0, 'classifier__learning_rate': 0.03, 'classifier__max_iter': 150, 'classifier__max_leaf_nodes': 15, 'classifier__min_samples_leaf': 30}",0.8765432098765432,0.8187134502923976,0.8789808917197452,0.8888888888888888,0.8780487804878049,0.868235044253076,0.025138726456745208,303,0.9395770392749244,0.9473684210526315,0.9333333333333333,0.9331306990881459,0.9379727685325264,0.9382764522563123,0.0052030922987147555
0.49463210105895994,0.054066639597404834,0.026391267776489258,0.0046882118314653075,1.0,0.03,150,31,10,"{'classifier__l2_regularization': 1.0, 'classifier__learning_rate': 0.03, 'classifier__max_iter': 150, 'classifier__max_leaf_nodes': 31, 'classifier__min_samples_leaf': 10}",0.8641975308641975,0.8323699421965318,0.8481012658227848,0.9090909090909091,0.8848484848484849,0.8677216265645816,0.02702541842496405,308,0.9861325115562404,0.9801526717557252,0.9831029185867896,0.9800307219662059,0.9877300613496932,0.9834297770429309,0.0031047399213722654
0.2826533794403076,0.012618747075313411,0.02144789695739746,0.003505713451278504,1.0,0.03,150,31,20,"{'classifier__l2_regularization': 1.0, 'classifier__learning_rate': 0.03, 'classifier__max_iter': 150, 'classifier__max_leaf_nodes': 31, 'classifier__min_samples_leaf': 20}",0.8902439024390244,0.8439306358381503,0.8734177215189873,0.9012345679012346,0.8765432098765432,0.8770740075147879,0.019335522077327846,83,0.9494640122511485,0.9607250755287009,0.9452887537993921,0.9526717557251908,0.9602446483180428,0.953678849124495,0.006032110942903442
0.25882663726806643,0.0391790139595611,0.02602362632751465,0.005348049620611086,1.0,0.03,150,31,30,"{'classifier__l2_regularization': 1.0, 'classifier__learning_rate': 0.03, 'classifier__max_iter': 150, 'classifier__max_leaf_nodes': 31, 'classifier__min_samples_leaf': 30}",0.8765432098765432,0.8187134502923976,0.89171974522293,0.8957055214723927,0.8848484848484849,0.8735060823425498,0.02815904607207952,183,0.9425981873111783,0.948948948948949,0.9345509893455098,0.9331306990881459,0.9379727685325264,0.9394403186452619,0.005766397975404004
0.2851234436035156,0.04056984160950659,0.029009056091308594,0.008479158623481404,1.0,0.03,250,7,10,"{'classifier__l2_regularization': 1.0, 'classifier__learning_rate': 0.03, 'classifier__max_iter': 250, 'classifier__max_leaf_nodes': 7, 'classifier__min_samples_leaf': 10}",0.8711656441717791,0.8421052631578947,0.8789808917197452,0.8888888888888888,0.8780487804878049,0.8718378936852226,0.015904811917869705,237,0.9393939393939394,0.9604863221884499,0.9375951293759512,0.9433384379785605,0.943683409436834,0.9448994476747471,0.008130557725196197
0.2755782127380371,0.021037382253531706,0.026697874069213867,0.00737352065533517,1.0,0.03,250,7,20,"{'classifier__l2_regularization': 1.0, 'classifier__learning_rate': 0.03, 'classifier__max_iter': 250, 'classifier__max_leaf_nodes': 7, 'classifier__min_samples_leaf': 20}",0.8625,0.8402366863905325,0.864516129032258,0.8888888888888888,0.8848484848484849,0.8681980378320329,0.01751119622004679,305,0.9377845220030349,0.9559939301972686,0.9372128637059725,0.9404580152671755,0.9406392694063926,0.9424177201159688,0.0069263823919090365
0.3058490753173828,0.07590201204322793,0.029843235015869142,0.009607400669896429,1.0,0.03,250,7,30,"{'classifier__l2_regularization': 1.0, 'classifier__learning_rate': 0.03, 'classifier__max_iter': 250, 'classifier__max_leaf_nodes': 7, 'classifier__min_samples_leaf': 30}",0.8625,0.8165680473372781,0.8846153846153846,0.9079754601226994,0.8765432098765432,0.869640420390381,0.030361606388160465,279,0.9408194233687405,0.9518072289156626,0.9300911854103343,0.9374045801526718,0.9379727685325264,0.9396190372759872,0.0070482185624121
0.49894065856933595,0.09642503334127343,0.028213119506835936,0.0037284596506509974,1.0,0.03,250,15,10,"{'classifier__l2_regularization': 1.0, 'classifier__learning_rate': 0.03, 'classifier__max_iter': 250, 'classifier__max_leaf_nodes': 15, 'classifier__min_samples_leaf': 10}",0.8679245283018868,0.8470588235294118,0.8625,0.9156626506024096,0.8888888888888888,0.8764069782645194,0.023763316652810666,101,0.9846625766871165,0.9877675840978594,0.9831546707503829,0.9862174578866769,0.9892141756548536,0.9862032930153779,0.0021531616763169736
0.47087826728820803,0.08730894578361698,0.026467657089233397,0.006091896931639939,1.0,0.03,250,15,20,"{'classifier__l2_regularization': 1.0, 'classifier__learning_rate': 0.03, 'classifier__max_iter': 250, 'classifier__max_leaf_nodes': 15, 'classifier__min_samples_leaf': 20}",0.8902439024390244,0.8352941176470589,0.8734177215189873,0.8944099378881988,0.9,0.8786731358986539,0.02343383584632021,42,0.9784615384615385,0.9862174578866769,0.9770992366412213,0.981651376146789,0.9770992366412213,0.9801057691554895,0.0034791841058532972
0.4699057102203369,0.10118783237056544,0.02938370704650879,0.0060318978426975875,1.0,0.03,250,15,30,"{'classifier__l2_regularization': 1.0, 'classifier__learning_rate': 0.03, 'classifier__max_iter': 250, 'classifier__max_leaf_nodes': 15, 'classifier__min_samples_leaf': 30}",0.8765432098765432,0.8470588235294118,0.8846153846153846,0.8957055214723927,0.9024390243902439,0.8812723927767954,0.019289637548619416,13,0.9618320610687023,0.9725609756097561,0.9619482496194824,0.9587786259541985,0.9604863221884499,0.9631212468881178,0.004856904070618747
0.8119069576263428,0.20607096081464196,0.027695655822753906,0.006356628980876554,1.0,0.03,250,31,10,"{'classifier__l2_regularization': 1.0, 'classifier__learning_rate': 0.03, 'classifier__max_iter': 250, 'classifier__max_leaf_nodes': 31, 'classifier__min_samples_leaf': 10}",0.8695652173913043,0.8439306358381503,0.8607594936708861,0.8994082840236687,0.8902439024390244,0.8727815066726068,0.02000583214598721,202,0.9984591679506933,1.0,0.9984639016897081,1.0,1.0,0.9993846139280803,0.0007536924220779072
0.626462459564209,0.1137532915982169,0.029335737228393555,0.0065235687079917,1.0,0.03,250,31,20,"{'classifier__l2_regularization': 1.0, 'classifier__learning_rate': 0.03, 'classifier__max_iter': 250, 'classifier__max_leaf_nodes': 31, 'classifier__min_samples_leaf': 20}",0.8888888888888888,0.8352941176470589,0.8679245283018868,0.8957055214723927,0.9012345679012346,0.8778095248422926,0.02407083152263426,65,0.9831029185867896,0.99079754601227,0.9846625766871165,0.989247311827957,0.9877300613496932,0.9871080828927653,0.0028494609128029073
0.40737099647521974,0.07468032262292626,0.02934122085571289,0.010885958555228876,1.0,0.03,250,31,30,"{'classifier__l2_regularization': 1.0, 'classifier__learning_rate': 0.03, 'classifier__max_iter': 250, 'classifier__max_leaf_nodes': 31, 'classifier__min_samples_leaf': 30}",0.8765432098765432,0.8402366863905325,0.8789808917197452,0.9024390243902439,0.8888888888888888,0.8774177402531909,0.02070406203195108,77,0.9618320610687023,0.9710806697108066,0.9603658536585366,0.9587786259541985,0.9619482496194824,0.9628010920023453,0.00429717086023966
0.43683290481567383,0.06122412434187184,0.03383059501647949,0.008957703060857875,1.0,0.03,350,7,10,"{'classifier__l2_regularization': 1.0, 'classifier__learning_rate': 0.03, 'classifier__max_iter': 350, 'classifier__max_leaf_nodes': 7, 'classifier__min_samples_leaf': 10}",0.8588957055214724,0.8520710059171598,0.8717948717948718,0.8888888888888888,0.8834355828220859,0.8710172109888956,0.01400076546260718,248,0.948170731707317,0.9724770642201835,0.9496183206106871,0.9544072948328267,0.9555895865237366,0.9560525995789503,0.00867419430881457
0.43929243087768555,0.09502490285136761,0.03775348663330078,0.006893930042625639,1.0,0.03,350,7,20,"{'classifier__l2_regularization': 1.0, 'classifier__learning_rate': 0.03, 'classifier__max_iter': 350, 'classifier__max_leaf_nodes': 7, 'classifier__min_samples_leaf': 20}",0.8695652173913043,0.8470588235294118,0.864516129032258,0.8957055214723927,0.9024390243902439,0.8758569431631221,0.02048465121031161,122,0.9438543247344461,0.9681335356600911,0.9525267993874426,0.9544072948328267,0.9542682926829268,0.9546380494595468,0.007785424989997644
0.3930051803588867,0.0811943702708842,0.029730606079101562,0.006031387725732187,1.0,0.03,350,7,30,"{'classifier__l2_regularization': 1.0, 'classifier__learning_rate': 0.03, 'classifier__max_iter': 350, 'classifier__max_leaf_nodes': 7, 'classifier__min_samples_leaf': 30}",0.8607594936708861,0.8333333333333334,0.8774193548387097,0.9079754601226994,0.8711656441717791,0.8701306572274816,0.02420036020060853,270,0.9512195121951219,0.9666666666666667,0.9541284403669725,0.9499241274658573,0.9515151515151515,0.9546907796419539,0.006141553226081014
0.782624626159668,0.10689079834328134,0.03879766464233399,0.009685447454301327,1.0,0.03,350,15,10,"{'classifier__l2_regularization': 1.0, 'classifier__learning_rate': 0.03, 'classifier__max_iter': 350, 'classifier__max_leaf_nodes': 15, 'classifier__min_samples_leaf': 10}",0.875,0.8470588235294118,0.8625,0.9101796407185628,0.8834355828220859,0.8756348094140123,0.02118353420105057,131,0.9953917050691244,0.9969325153374233,0.9969325153374233,0.9969325153374233,0.9984639016897081,0.9969306305542205,0.0009715166165146907
0.6188042163848877,0.10159342879685863,0.034911489486694335,0.005291126692557971,1.0,0.03,350,15,20,"{'classifier__l2_regularization': 1.0, 'classifier__learning_rate': 0.03, 'classifier__max_iter': 350, 'classifier__max_leaf_nodes': 15, 'classifier__min_samples_leaf': 20}",0.8674698795180723,0.8402366863905325,0.8679245283018868,0.9012345679012346,0.8834355828220859,0.8720602489867624,0.02015665606070083,225,0.9923195084485407,0.9938650306748467,0.9922958397534669,0.9938461538461538,0.9969325153374233,0.9938518096120864,0.0016887832073447732
0.6061895370483399,0.11913190238316983,0.027236795425415038,0.001421993762291801,1.0,0.03,350,15,30,"{'classifier__l2_regularization': 1.0, 'classifier__learning_rate': 0.03, 'classifier__max_iter': 350, 'classifier__max_leaf_nodes': 15, 'classifier__min_samples_leaf': 30}",0.8834355828220859,0.8538011695906432,0.8679245283018868,0.9024390243902439,0.8780487804878049,0.8771298171185329,0.01618719422990273,82,0.9800307219662059,0.9877300613496932,0.9815384615384616,0.9831029185867896,0.9831546707503829,0.9831113668383067,0.0025806467988296494
1.1591050148010253,0.16133809001825355,0.03495125770568848,0.008602055311291469,1.0,0.03,350,31,10,"{'classifier__l2_regularization': 1.0, 'classifier__learning_rate': 0.03, 'classifier__max_iter': 350, 'classifier__max_leaf_nodes': 31, 'classifier__min_samples_leaf': 10}",0.8695652173913043,0.8470588235294118,0.85,0.8994082840236687,0.8862275449101796,0.8704519739709129,0.02026645304165604,260,1.0,1.0,1.0,1.0,1.0,1.0,0.0
0.6689606666564941,0.11112375434589088,0.03202290534973144,0.010934500580155552,1.0,0.03,350,31,20,"{'classifier__l2_regularization': 1.0, 'classifier__learning_rate': 0.03, 'classifier__max_iter': 350, 'classifier__max_leaf_nodes': 31, 'classifier__min_samples_leaf': 20}",0.8780487804878049,0.8352941176470589,0.8662420382165605,0.896969696969697,0.8819875776397516,0.8717084421921746,0.020687562024990738,240,0.9984591679506933,0.9953917050691244,0.9969230769230769,0.9969135802469136,0.9984639016897081,0.9972302863759033,0.0011495232323876176
0.6522829532623291,0.11416806822220577,0.02969961166381836,0.004777625563338783,1.0,0.03,350,31,30,"{'classifier__l2_regularization': 1.0, 'classifier__learning_rate': 0.03, 'classifier__max_iter': 350, 'classifier__max_leaf_nodes': 31, 'classifier__min_samples_leaf': 30}",0.8819875776397516,0.8520710059171598,0.864516129032258,0.9090909090909091,0.8834355828220859,0.8782202409004329,0.019318260502951774,51,0.9815384615384616,0.9847094801223242,0.9846625766871165,0.9846625766871165,0.9831029185867896,0.9837352027243617,0.0012565601020426346
0.21687788963317872,0.05830804443520771,0.027594661712646483,0.006655707748406158,1.0,0.05,150,7,10,"{'classifier__l2_regularization': 1.0, 'classifier__learning_rate': 0.05, 'classifier__max_iter': 150, 'classifier__max_leaf_nodes': 7, 'classifier__min_samples_leaf': 10}",0.8695652173913043,0.8470588235294118,0.8789808917197452,0.8888888888888888,0.8711656441717791,0.8711318931402259,0.01384836430226201,247,0.9408194233687405,0.9620637329286799,0.9375951293759512,0.944954128440367,0.9438543247344461,0.9458573477696369,0.008498467643212217
0.16864471435546874,0.013883503214004583,0.024641704559326173,0.005382978305479186,1.0,0.05,150,7,20,"{'classifier__l2_regularization': 1.0, 'classifier__learning_rate': 0.05, 'classifier__max_iter': 150, 'classifier__max_leaf_nodes': 7, 'classifier__min_samples_leaf': 20}",0.8765432098765432,0.8284023668639053,0.8589743589743589,0.8957055214723927,0.8848484848484849,0.8688947884071372,0.023536717320723575,290,0.9363636363636364,0.9561270801815431,0.9355828220858896,0.9418960244648318,0.9390243902439024,0.9417987906679606,0.007499143954271249
0.20287613868713378,0.03196889889584708,0.0314082145690918,0.010891028390455205,1.0,0.05,150,7,30,"{'classifier__l2_regularization': 1.0, 'classifier__learning_rate': 0.05, 'classifier__max_iter': 150, 'classifier__max_leaf_nodes': 7, 'classifier__min_samples_leaf': 30}",0.8695652173913043,0.8165680473372781,0.8774193548387097,0.9146341463414634,0.8834355828220859,0.8723244697461683,0.03179910544303696,218,0.9408194233687405,0.9516616314199395,0.926605504587156,0.934351145038168,0.9409984871406959,0.9388872383109399,0.008280011539402705
0.3734467029571533,0.06199440391501451,0.028606462478637695,0.007745698270221203,1.0,0.05,150,15,10,"{'classifier__l2_regularization': 1.0, 'classifier__learning_rate': 0.05, 'classifier__max_iter': 150, 'classifier__max_leaf_nodes': 15, 'classifier__min_samples_leaf': 10}",0.875,0.8304093567251462,0.8987341772151899,0.9101796407185628,0.9012345679012346,0.8831115485120268,0.028804548993116165,1,0.9877300613496932,0.9892802450229708,0.9815950920245399,0.989247311827957,0.9876923076923076,0.9871090035834937,0.0028430908761108258
0.32988557815551756,0.08006137010271057,0.027422666549682617,0.006395490152473872,1.0,0.05,150,15,20,"{'classifier__l2_regularization': 1.0, 'classifier__learning_rate': 0.05, 'classifier__max_iter': 150, 'classifier__max_leaf_nodes': 15, 'classifier__min_samples_leaf': 20}",0.891566265060241,0.8352941176470589,0.8662420382165605,0.8957055214723927,0.8930817610062893,0.8763779406805086,0.02312520367049436,103,0.9738863287250384,0.9892802450229708,0.9817073170731707,0.981651376146789,0.9770992366412213,0.9807249007218382,0.005194784339935881
0.3188745975494385,0.03921913362318494,0.031131601333618163,0.010425263767074987,1.0,0.05,150,15,30,"{'classifier__l2_regularization': 1.0, 'classifier__learning_rate': 0.05, 'classifier__max_iter': 150, 'classifier__max_leaf_nodes': 15, 'classifier__min_samples_leaf': 30}",0.8765432098765432,0.8421052631578947,0.8789808917197452,0.9012345679012346,0.8834355828220859,0.8764599030955006,0.0192304328229515,98,0.9603658536585366,0.9710806697108066,0.9618320610687023,0.958904109589041,0.9590288315629742,0.9622423051180121,0.0045447996790506885
0.5185368061065674,0.06307054051356553,0.02569122314453125,0.006908171794285946,1.0,0.05,150,31,10,"{'classifier__l2_regularization': 1.0, 'classifier__learning_rate': 0.05, 'classifier__max_iter': 150, 'classifier__max_leaf_nodes': 31, 'classifier__min_samples_leaf': 10}",0.8625,0.8372093023255814,0.8553459119496856,0.8994082840236687,0.8834355828220859,0.8675798162242044,0.021736134697798774,309,0.9984591679506933,1.0,0.9984639016897081,1.0,1.0,0.9993846139280803,0.0007536924220779072
0.337923002243042,0.06088915755983945,0.025878000259399413,0.005554881736784645,1.0,0.05,150,31,20,"{'classifier__l2_regularization': 1.0, 'classifier__learning_rate': 0.05, 'classifier__max_iter': 150, 'classifier__max_leaf_nodes': 31, 'classifier__min_samples_leaf': 20}",0.8902439024390244,0.8284023668639053,0.8679245283018868,0.8957055214723927,0.8819875776397516,0.8728527793433922,0.024117505481213497,199,0.9830508474576272,0.9892802450229708,0.9815384615384616,0.989247311827957,0.9847094801223242,0.9855652691938681,0.0031820859468707444
0.26436419486999513,0.05871743325767143,0.022967815399169922,0.005099757844545393,1.0,0.05,150,31,30,"{'classifier__l2_regularization': 1.0, 'classifier__learning_rate': 0.05, 'classifier__max_iter': 150, 'classifier__max_leaf_nodes': 31, 'classifier__min_samples_leaf': 30}",0.8765432098765432,0.8421052631578947,0.8846153846153846,0.9012345679012346,0.8902439024390244,0.8789484655980162,0.020097651810983223,39,0.9587786259541985,0.974124809741248,0.9619482496194824,0.9586523736600306,0.9606060606060606,0.962822023916204,0.00578207562486494
0.27424087524414065,0.020220345945016975,0.02610807418823242,0.006073544345298872,1.0,0.05,250,7,10,"{'classifier__l2_regularization': 1.0, 'classifier__learning_rate': 0.05, 'classifier__max_iter': 250, 'classifier__max_leaf_nodes': 7, 'classifier__min_samples_leaf': 10}",0.8588957055214724,0.8588235294117647,0.8846153846153846,0.8957055214723927,0.8902439024390244,0.8776568086920078,0.015743469385936,70,0.9634146341463414,0.9785932721712538,0.9602446483180428,0.9604863221884499,0.9647779479326187,0.9655033649513414,0.006768449098083502
0.3043503761291504,0.027364312854353035,0.025491046905517577,0.008452572107988741,1.0,0.05,250,7,20,"{'classifier__l2_regularization': 1.0, 'classifier__learning_rate': 0.05, 'classifier__max_iter': 250, 'classifier__max_leaf_nodes': 7, 'classifier__min_samples_leaf': 20}",0.8679245283018868,0.8470588235294118,0.8535031847133758,0.8957055214723927,0.8957055214723927,0.871979515897892,0.020516848333068046,232,0.9602446483180428,0.9770992366412213,0.963302752293578,0.9620637329286799,0.9603658536585366,0.9646152447680116,0.006344168036580166
0.33365778923034667,0.053875467155990356,0.03011212348937988,0.008316970866062244,1.0,0.05,250,7,30,"{'classifier__l2_regularization': 1.0, 'classifier__learning_rate': 0.05, 'classifier__max_iter': 250, 'classifier__max_leaf_nodes': 7, 'classifier__min_samples_leaf': 30}",0.8607594936708861,0.8333333333333334,0.8717948717948718,0.9079754601226994,0.8765432098765432,0.8700812737596669,0.02415768658759374,271,0.9619482496194824,0.9710806697108066,0.9541284403669725,0.9574468085106383,0.9575757575757575,0.9604359851567315,0.00587362670200267
0.6105765342712403,0.14202965571139953,0.036960935592651366,0.013366200594312542,1.0,0.05,250,15,10,"{'classifier__l2_regularization': 1.0, 'classifier__learning_rate': 0.05, 'classifier__max_iter': 250, 'classifier__max_leaf_nodes': 15, 'classifier__min_samples_leaf': 10}",0.8819875776397516,0.8470588235294118,0.8765432098765432,0.9101796407185628,0.8848484848484849,0.8801235473225508,0.020175545443041096,25,0.9969230769230769,1.0,1.0,1.0,1.0,0.9993846153846153,0.0012307692307692351
0.45201997756958007,0.09542239086612236,0.028516006469726563,0.007813118222970926,1.0,0.05,250,15,20,"{'classifier__l2_regularization': 1.0, 'classifier__learning_rate': 0.05, 'classifier__max_iter': 250, 'classifier__max_leaf_nodes': 15, 'classifier__min_samples_leaf': 20}",0.891566265060241,0.8402366863905325,0.8734177215189873,0.8888888888888888,0.8765432098765432,0.8741305543470386,0.01831357839921798,163,0.9984591679506933,0.9984639016897081,0.9969230769230769,0.9984591679506933,0.9984639016897081,0.9981538432407759,0.0006153868001936927
0.48246231079101565,0.11186574633873837,0.030660629272460938,0.005150598602774952,1.0,0.05,250,15,30,"{'classifier__l2_regularization': 1.0, 'classifier__learning_rate': 0.05, 'classifier__max_iter': 250, 'classifier__max_leaf_nodes': 15, 'classifier__min_samples_leaf': 30}",0.8695652173913043,0.8470588235294118,0.8662420382165605,0.9090909090909091,0.8902439024390244,0.8764401781334421,0.02131264497006141,99,0.9892141756548536,0.9938650306748467,0.9922958397534669,0.9907692307692307,0.9938650306748467,0.9920018615054488,0.0018066429005963221
0.906161117553711,0.18258944067722085,0.03474535942077637,0.006240243229145936,1.0,0.05,250,31,10,"{'classifier__l2_regularization': 1.0, 'classifier__learning_rate': 0.05, 'classifier__max_iter': 250, 'classifier__max_leaf_nodes': 31, 'classifier__min_samples_leaf': 10}",0.8625,0.8538011695906432,0.85,0.8928571428571429,0.8902439024390244,0.8698804429773622,0.018170554217058814,275,1.0,1.0,1.0,1.0,1.0,1.0,0.0
0.49871416091918946,0.0761459981275689,0.026676702499389648,0.004516162408460665,1.0,0.05,250,31,20,"{'classifier__l2_regularization': 1.0, 'classifier__learning_rate': 0.05, 'classifier__max_iter': 250, 'classifier__max_leaf_nodes': 31, 'classifier__min_samples_leaf': 20}",0.8795180722891566,0.8352941176470589,0.8662420382165605,0.8902439024390244,0.8888888888888888,0.8720374038961378,0.020273454974429648,227,0.9984591679506933,1.0,1.0,0.9984591679506933,0.9984639016897081,0.9990764475182189,0.0007540794247561879
0.4549099922180176,0.08428122549724408,0.030607318878173827,0.005016034532954271,1.0,0.05,250,31,30,"{'classifier__l2_regularization': 1.0, 'classifier__learning_rate': 0.05, 'classifier__max_iter': 250, 'classifier__max_leaf_nodes': 31, 'classifier__min_samples_leaf': 30}",0.8765432098765432,0.8520710059171598,0.8734177215189873,0.9090909090909091,0.8834355828220859,0.878911685845137,0.018370991159995298,40,0.9892141756548536,0.989247311827957,0.989247311827957,0.9907692307692307,0.9923430321592649,0.9901642124478526,0.001240748637365658
0.40851545333862305,0.07557059868877714,0.028802490234375,0.0044811424594133845,1.0,0.05,350,7,10,"{'classifier__l2_regularization': 1.0, 'classifier__learning_rate': 0.05, 'classifier__max_iter': 350, 'classifier__max_leaf_nodes': 7, 'classifier__min_samples_leaf': 10}",0.8571428571428571,0.8571428571428571,0.8774193548387097,0.8888888888888888,0.8711656441717791,0.8703519204370183,0.012191707681392968,264,0.9770290964777948,0.9862595419847329,0.9724770642201835,0.9680365296803652,0.981651376146789,0.977090721701973,0.006451896783648062
0.3402267932891846,0.08621375517025412,0.02912421226501465,0.005307303145267668,1.0,0.05,350,7,20,"{'classifier__l2_regularization': 1.0, 'classifier__learning_rate': 0.05, 'classifier__max_iter': 350, 'classifier__max_leaf_nodes': 7, 'classifier__min_samples_leaf': 20}",0.8662420382165605,0.8520710059171598,0.8662420382165605,0.8888888888888888,0.896969696969697,0.8740827336417734,0.01643474666978371,165,0.974124809741248,0.9877300613496932,0.9770290964777948,0.9756838905775076,0.9785932721712538,0.9786322260634994,0.004782293023415696
0.36666169166564944,0.06431156764009065,0.03165698051452637,0.014243292975970516,1.0,0.05,350,7,30,"{'classifier__l2_regularization': 1.0, 'classifier__learning_rate': 0.05, 'classifier__max_iter': 350, 'classifier__max_leaf_nodes': 7, 'classifier__min_samples_leaf': 30}",0.8679245283018868,0.8383233532934131,0.8774193548387097,0.9146341463414634,0.8765432098765432,0.8749689185304032,0.02438989222557992,144,0.9770290964777948,0.9831546707503829,0.9725609756097561,0.9738863287250384,0.9696048632218845,0.9752471869569714,0.004617509829861083
0.7386496067047119,0.12963669038452413,0.029915428161621092,0.005425144808047204,1.0,0.05,350,15,10,"{'classifier__l2_regularization': 1.0, 'classifier__learning_rate': 0.05, 'classifier__max_iter': 350, 'classifier__max_leaf_nodes': 15, 'classifier__min_samples_leaf': 10}",0.8765432098765432,0.8470588235294118,0.8765432098765432,0.9036144578313253,0.8848484848484849,0.8777216371924617,0.01824398882789207,68,1.0,1.0,1.0,1.0,1.0,1.0,0.0
0.7816100597381592,0.12208464486301701,0.03766469955444336,0.006066547055527902,1.0,0.05,350,15,20,"{'classifier__l2_regularization': 1.0, 'classifier__learning_rate': 0.05, 'classifier__max_iter': 350, 'classifier__max_leaf_nodes': 15, 'classifier__min_samples_leaf': 20}",0.8711656441717791,0.8333333333333334,0.8805031446540881,0.8957055214723927,0.8957055214723927,0.8752826330207972,0.022970136388700622,132,0.9984591679506933,1.0,1.0,1.0,1.0,0.9996918335901388,0.0006163328197226648
0.6652651786804199,0.10559607398375315,0.033096027374267575,0.006990089761652071,1.0,0.05,350,15,30,"{'classifier__l2_regularization': 1.0, 'classifier__learning_rate': 0.05, 'classifier__max_iter': 350, 'classifier__max_leaf_nodes': 15, 'classifier__min_samples_leaf': 30}",0.8819875776397516,0.8402366863905325,0.8819875776397516,0.9024390243902439,0.8848484848484849,0.8782998701817529,0.020501646045478533,48,0.9984591679506933,1.0,0.9984639016897081,1.0,1.0,0.9993846139280803,0.0007536924220779072
1.1781129837036133,0.16489832739704413,0.030535888671875,0.00297920187648123,1.0,0.05,350,31,10,"{'classifier__l2_regularization': 1.0, 'classifier__learning_rate': 0.05, 'classifier__max_iter': 350, 'classifier__max_leaf_nodes': 31, 'classifier__min_samples_leaf': 10}",0.8695652173913043,0.8538011695906432,0.8641975308641975,0.8875739644970414,0.8957055214723927,0.8741686807631158,0.015355704844825067,162,1.0,1.0,1.0,1.0,1.0,1.0,0.0
0.7470370292663574,0.11937369607109506,0.04190835952758789,0.01257238766240416,1.0,0.05,350,31,20,"{'classifier__l2_regularization': 1.0, 'classifier__learning_rate': 0.05, 'classifier__max_iter': 350, 'classifier__max_leaf_nodes': 31, 'classifier__min_samples_leaf': 20}",0.8727272727272727,0.8352941176470589,0.8662420382165605,0.8848484848484849,0.8888888888888888,0.869600160465653,0.018986978857507837,281,1.0,1.0,1.0,1.0,1.0,1.0,0.0
0.6347607135772705,0.11943480635315544,0.0368619441986084,0.009417454141448298,1.0,0.05,350,31,30,"{'classifier__l2_regularization': 1.0, 'classifier__learning_rate': 0.05, 'classifier__max_iter': 350, 'classifier__max_leaf_nodes': 31, 'classifier__min_samples_leaf': 30}",0.8819875776397516,0.8470588235294118,0.8679245283018868,0.9024390243902439,0.8834355828220859,0.876569107336676,0.01839209890931174,91,0.9953775038520801,1.0,0.9984639016897081,1.0,1.0,0.9987682811083577,0.0017967421359934956
0.21692347526550293,0.01555771769377205,0.024559593200683592,0.004525798088252756,1.0,0.08,150,7,10,"{'classifier__l2_regularization': 1.0, 'classifier__learning_rate': 0.08, 'classifier__max_iter': 150, 'classifier__max_leaf_nodes': 7, 'classifier__min_samples_leaf': 10}",0.8658536585365854,0.8520710059171598,0.8860759493670886,0.8888888888888888,0.8957055214723927,0.8777190048364231,0.016227913628730984,69,0.9557251908396946,0.9770992366412213,0.9586523736600306,0.9619482496194824,0.9618320610687023,0.9630514223658263,0.007390131472276254
0.2017986297607422,0.03858399682577901,0.021567392349243163,0.0033620072063900814,1.0,0.08,150,7,20,"{'classifier__l2_regularization': 1.0, 'classifier__learning_rate': 0.08, 'classifier__max_iter': 150, 'classifier__max_leaf_nodes': 7, 'classifier__min_samples_leaf': 20}",0.8695652173913043,0.8470588235294118,0.8701298701298701,0.8957055214723927,0.896969696969697,0.8758858258985353,0.018662406791663907,121,0.9526717557251908,0.974124809741248,0.9570552147239264,0.958904109589041,0.958904109589041,0.9603319998736894,0.00726272685297917
0.212241792678833,0.043837144014381615,0.02917056083679199,0.0049328655235320595,1.0,0.08,150,7,30,"{'classifier__l2_regularization': 1.0, 'classifier__learning_rate': 0.08, 'classifier__max_iter': 150, 'classifier__max_leaf_nodes': 7, 'classifier__min_samples_leaf': 30}",0.8535031847133758,0.8333333333333334,0.8774193548387097,0.9036144578313253,0.8834355828220859,0.8702611827077661,0.024420244733814694,265,0.9619482496194824,0.9666666666666667,0.9571865443425076,0.9513677811550152,0.9574468085106383,0.958923210058862,0.005126251258830653
0.40340437889099123,0.03136676229618024,0.04187564849853516,0.014578762546392007,1.0,0.08,150,15,10,"{'classifier__l2_regularization': 1.0, 'classifier__learning_rate': 0.08, 'classifier__max_iter': 150, 'classifier__max_leaf_nodes': 15, 'classifier__min_samples_leaf': 10}",0.8819875776397516,0.8538011695906432,0.8819875776397516,0.9036144578313253,0.8848484848484849,0.8812478535099914,0.015922590094879407,14,0.9969230769230769,1.0,1.0,1.0,1.0,0.9993846153846153,0.0012307692307692351
0.3011979579925537,0.07168184047705338,0.022204017639160155,0.002418969734364746,1.0,0.08,150,15,20,"{'classifier__l2_regularization': 1.0, 'classifier__learning_rate': 0.08, 'classifier__max_iter': 150, 'classifier__max_leaf_nodes': 15, 'classifier__min_samples_leaf': 20}",0.8780487804878049,0.8352941176470589,0.8734177215189873,0.8902439024390244,0.8848484848484849,0.872370601388272,0.019406989932312765,216,0.9969135802469136,0.9984639016897081,0.9953775038520801,0.9969135802469136,0.9984639016897081,0.9972264935450645,0.0011555907737553575
0.3108100414276123,0.09434696448596896,0.02854580879211426,0.010427238075667929,1.0,0.08,150,15,30,"{'classifier__l2_regularization': 1.0, 'classifier__learning_rate': 0.08, 'classifier__max_iter': 150, 'classifier__max_leaf_nodes': 15, 'classifier__min_samples_leaf': 30}",0.8819875776397516,0.8520710059171598,0.8789808917197452,0.9024390243902439,0.8780487804878049,0.8787054560309411,0.016024703490372896,41,0.9876543209876543,0.989247311827957,0.989247311827957,0.9861751152073732,0.9923195084485407,0.9889287136598964,0.002044841314375409
0.5863682746887207,0.15467655209886866,0.026594829559326173,0.006511633501021178,1.0,0.08,150,31,10,"{'classifier__l2_regularization': 1.0, 'classifier__learning_rate': 0.08, 'classifier__max_iter': 150, 'classifier__max_leaf_nodes': 31, 'classifier__min_samples_leaf': 10}",0.8625,0.8538011695906432,0.8625,0.8875739644970414,0.8875739644970414,0.8707898197169452,0.014067490799650565,254,1.0,1.0,1.0,1.0,1.0,1.0,0.0
0.47824621200561523,0.07023483349557762,0.03738193511962891,0.01322086567257879,1.0,0.08,150,31,20,"{'classifier__l2_regularization': 1.0, 'classifier__learning_rate': 0.08, 'classifier__max_iter': 150, 'classifier__max_leaf_nodes': 31, 'classifier__min_samples_leaf': 20}",0.8658536585365854,0.8333333333333334,0.8662420382165605,0.896969696969697,0.8957055214723927,0.8716208497057136,0.023455325573113778,242,0.9984591679506933,0.9984639016897081,1.0,0.9984591679506933,1.0,0.9990764475182189,0.0007540794247561879
0.33004159927368165,0.06861446909882968,0.028665590286254882,0.008013916557253252,1.0,0.08,150,31,30,"{'classifier__l2_regularization': 1.0, 'classifier__learning_rate': 0.08, 'classifier__max_iter': 150, 'classifier__max_leaf_nodes': 31, 'classifier__min_samples_leaf': 30}",0.8888888888888888,0.8470588235294118,0.8846153846153846,0.9101796407185628,0.8780487804878049,0.8817583036480107,0.020418594667540892,10,0.9876543209876543,0.989247311827957,0.989247311827957,0.9907407407407407,0.9907692307692307,0.9895317832307079,0.0011558172090533213
0.34082670211791993,0.04026931444571609,0.029192352294921876,0.009804492418603993,1.0,0.08,250,7,10,"{'classifier__l2_regularization': 1.0, 'classifier__learning_rate': 0.08, 'classifier__max_iter': 250, 'classifier__max_leaf_nodes': 7, 'classifier__min_samples_leaf': 10}",0.8518518518518519,0.8520710059171598,0.8734177215189873,0.8957055214723927,0.896969696969697,0.8740031595460177,0.019851936366317317,168,0.9862174578866769,0.9923195084485407,0.9846153846153847,0.9817073170731707,0.9877675840978594,0.9865254504243266,0.0035233967769225456
0.34487404823303225,0.05213940107127702,0.03544836044311524,0.007301251525049969,1.0,0.08,250,7,20,"{'classifier__l2_regularization': 1.0, 'classifier__learning_rate': 0.08, 'classifier__max_iter': 250, 'classifier__max_leaf_nodes': 7, 'classifier__min_samples_leaf': 20}",0.8695652173913043,0.8452380952380952,0.8461538461538461,0.8888888888888888,0.896969696969697,0.8693631489283664,0.02127959961214388,285,0.981651376146789,0.9907692307692307,0.981651376146789,0.981651376146789,0.981651376146789,0.9834749470712774,0.0036471418489766984
0.24203915596008302,0.019169039058382777,0.025973749160766602,0.007344074482248931,1.0,0.08,250,7,30,"{'classifier__l2_regularization': 1.0, 'classifier__learning_rate': 0.08, 'classifier__max_iter': 250, 'classifier__max_leaf_nodes': 7, 'classifier__min_samples_leaf': 30}",0.8607594936708861,0.8452380952380952,0.8662420382165605,0.9036144578313253,0.8834355828220859,0.8718579335557907,0.02002921984000496,236,0.981651376146789,0.9877300613496932,0.9785932721712538,0.9801526717557252,0.983206106870229,0.982266697658738,0.0031328138591386764
0.5434040069580078,0.09468613920066322,0.030515527725219725,0.009263908724754336,1.0,0.08,250,15,10,"{'classifier__l2_regularization': 1.0, 'classifier__learning_rate': 0.08, 'classifier__max_iter': 250, 'classifier__max_leaf_nodes': 15, 'classifier__min_samples_leaf': 10}",0.8711656441717791,0.8470588235294118,0.8765432098765432,0.9036144578313253,0.8834355828220859,0.8763635436462291,0.018321807345642153,105,1.0,1.0,1.0,1.0,1.0,1.0,0.0
0.49164137840270994,0.07218007512796887,0.02700634002685547,0.007218934305498752,1.0,0.08,250,15,20,"{'classifier__l2_regularization': 1.0, 'classifier__learning_rate': 0.08, 'classifier__max_iter': 250, 'classifier__max_leaf_nodes': 15, 'classifier__min_samples_leaf': 20}",0.8588957055214724,0.8333333333333334,0.8805031446540881,0.8834355828220859,0.8848484848484849,0.868203250235893,0.019813715892914783,304,1.0,1.0,1.0,1.0,1.0,1.0,0.0
0.4503798484802246,0.09245388857321893,0.029509305953979492,0.005311099800228338,1.0,0.08,250,15,30,"{'classifier__l2_regularization': 1.0, 'classifier__learning_rate': 0.08, 'classifier__max_iter': 250, 'classifier__max_leaf_nodes': 15, 'classifier__min_samples_leaf': 30}",0.8695652173913043,0.8402366863905325,0.8819875776397516,0.896969696969697,0.8711656441717791,0.8719849645126129,0.018648156750693784,231,0.9984591679506933,1.0,0.9984639016897081,1.0,1.0,0.9993846139280803,0.0007536924220779072
0.9291377544403077,0.1290896218742355,0.030612945556640625,0.008171818623280614,1.0,0.08,250,31,10,"{'classifier__l2_regularization': 1.0, 'classifier__learning_rate': 0.08, 'classifier__max_iter': 250, 'classifier__max_leaf_nodes': 31, 'classifier__min_samples_leaf': 10}",0.8695652173913043,0.8452380952380952,0.8553459119496856,0.8875739644970414,0.8809523809523809,0.8677351140057015,0.01569225027696369,307,1.0,1.0,1.0,1.0,1.0,1.0,0.0
0.4703514099121094,0.032946092328965025,0.025782680511474608,0.0013976648086208559,1.0,0.08,250,31,20,"{'classifier__l2_regularization': 1.0, 'classifier__learning_rate': 0.08, 'classifier__max_iter': 250, 'classifier__max_leaf_nodes': 31, 'classifier__min_samples_leaf': 20}",0.8518518518518519,0.8402366863905325,0.8717948717948718,0.8957055214723927,0.9024390243902439,0.8724055911799786,0.024093822759849465,214,1.0,1.0,1.0,1.0,1.0,1.0,0.0
0.42990798950195314,0.07678473572889367,0.026281452178955077,0.006985142887883464,1.0,0.08,250,31,30,"{'classifier__l2_regularization': 1.0, 'classifier__learning_rate': 0.08, 'classifier__max_iter': 250, 'classifier__max_leaf_nodes': 31, 'classifier__min_samples_leaf': 30}",0.8888888888888888,0.8421052631578947,0.8834355828220859,0.9101796407185628,0.8834355828220859,0.8816089916819037,0.02207485595606734,11,0.9984591679506933,1.0,1.0,1.0,1.0,0.9996918335901388,0.0006163328197226648
0.42990908622741697,0.07636024978042429,0.03041362762451172,0.0026588882696756163,1.0,0.08,350,7,10,"{'classifier__l2_regularization': 1.0, 'classifier__learning_rate': 0.08, 'classifier__max_iter': 350, 'classifier__max_leaf_nodes': 7, 'classifier__min_samples_leaf': 10}",0.8641975308641975,0.8520710059171598,0.8679245283018868,0.8902439024390244,0.8902439024390244,0.8729361739922586,0.015072827492023698,197,0.9938461538461538,0.9969325153374233,0.9953917050691244,0.9969230769230769,0.9984639016897081,0.9963114705730973,0.0015694886928444155
0.3396791934967041,0.013962777112610531,0.027396583557128908,0.004021831123783499,1.0,0.08,350,7,20,"{'classifier__l2_regularization': 1.0, 'classifier__learning_rate': 0.08, 'classifier__max_iter': 350, 'classifier__max_leaf_nodes': 7, 'classifier__min_samples_leaf': 20}",0.8641975308641975,0.8452380952380952,0.8516129032258064,0.8819875776397516,0.8862275449101796,0.8658527303756062,0.016161323634449058,319,0.9922958397534669,0.9969325153374233,0.9938650306748467,0.9938650306748467,0.9984639016897081,0.9950844636260584,0.002262138514844413
0.4687239170074463,0.10197673333084231,0.0358278751373291,0.009698029735576428,1.0,0.08,350,7,30,"{'classifier__l2_regularization': 1.0, 'classifier__learning_rate': 0.08, 'classifier__max_iter': 350, 'classifier__max_leaf_nodes': 7, 'classifier__min_samples_leaf': 30}",0.875,0.8402366863905325,0.8734177215189873,0.9024390243902439,0.8711656441717791,0.8724518152943086,0.019728799740155904,211,0.9907407407407407,0.9969325153374233,0.99079754601227,0.9892141756548536,0.9938461538461538,0.9923062263182884,0.0027590420636217734
0.7175643920898438,0.13630029431052318,0.033568954467773436,0.006070820240308792,1.0,0.08,350,15,10,"{'classifier__l2_regularization': 1.0, 'classifier__learning_rate': 0.08, 'classifier__max_iter': 350, 'classifier__max_leaf_nodes': 15, 'classifier__min_samples_leaf': 10}",0.8780487804878049,0.8470588235294118,0.8765432098765432,0.9036144578313253,0.8848484848484849,0.8780227513147141,0.018234476274271983,56,1.0,1.0,1.0,1.0,1.0,1.0,0.0
0.7512406349182129,0.14662977445688224,0.02743954658508301,0.0017814902815672272,1.0,0.08,350,15,20,"{'classifier__l2_regularization': 1.0, 'classifier__learning_rate': 0.08, 'classifier__max_iter': 350, 'classifier__max_leaf_nodes': 15, 'classifier__min_samples_leaf': 20}",0.8711656441717791,0.8333333333333334,0.8805031446540881,0.896969696969697,0.8795180722891566,0.8722979782836108,0.021202235505641855,219,1.0,1.0,1.0,1.0,1.0,1.0,0.0
0.5178295612335205,0.04046490132081055,0.03737673759460449,0.01117513960630286,1.0,0.08,350,15,30,"{'classifier__l2_regularization': 1.0, 'classifier__learning_rate': 0.08, 'classifier__max_iter': 350, 'classifier__max_leaf_nodes': 15, 'classifier__min_samples_leaf': 30}",0.8695652173913043,0.8452380952380952,0.8819875776397516,0.896969696969697,0.8765432098765432,0.8740607594230783,0.016998660510103247,166,1.0,1.0,1.0,1.0,1.0,1.0,0.0
0.9847641944885254,0.04725422001954287,0.020673084259033202,0.0030375966078413884,1.0,0.08,350,31,10,"{'classifier__l2_regularization': 1.0, 'classifier__learning_rate': 0.08, 'classifier__max_iter': 350, 'classifier__max_leaf_nodes': 31, 'classifier__min_samples_leaf': 10}",0.8695652173913043,0.8520710059171598,0.8481012658227848,0.8875739644970414,0.8875739644970414,0.8689770836250663,0.016814571597514365,289,1.0,1.0,1.0,1.0,1.0,1.0,0.0
0.6795423984527588,0.035844903674072955,0.023576879501342775,0.00254785011474526,1.0,0.08,350,31,20,"{'classifier__l2_regularization': 1.0, 'classifier__learning_rate': 0.08, 'classifier__max_iter': 350, 'classifier__max_leaf_nodes': 31, 'classifier__min_samples_leaf': 20}",0.8588957055214724,0.8452380952380952,0.8662420382165605,0.8957055214723927,0.8902439024390244,0.8712650525775091,0.019042936696205024,246,1.0,1.0,1.0,1.0,1.0,1.0,0.0
0.5087498188018799,0.023712470791563967,0.023404884338378906,0.0021677185530791544,1.0,0.08,350,31,30,"{'classifier__l2_regularization': 1.0, 'classifier__learning_rate': 0.08, 'classifier__max_iter': 350, 'classifier__max_leaf_nodes': 31, 'classifier__min_samples_leaf': 30}",0.8834355828220859,0.8352941176470589,0.8780487804878049,0.896969696969697,0.8658536585365854,0.8719203672926463,0.020861033878891877,234,1.0,1.0,1.0,1.0,1.0,1.0,0.0
